Fecha y hora,Tendencia
2025-05-17 09:51:31,#LOLFanFest2025D13.8M
2025-05-17 09:51:31,Ayacucho
2025-05-17 09:51:31,Día Mundial del Reciclaje
2025-05-17 09:51:31,Puquio
2025-05-17 09:51:31,#rpsp
2025-05-17 09:51:31,PERTHSANTA DOMIIA JOURNEY872K
2025-05-17 09:51:31,Lagos71K
2025-05-17 09:51:31,#DEADLINE
2025-05-17 09:51:31,Delia Espinoza
2025-05-17 09:51:31,Paolo10K
2025-05-17 09:51:31,Talleres
2025-05-17 09:51:31,Tilsa
2025-05-17 09:51:31,Iquique
2025-05-17 09:51:31,#Jin_Echo339K
2025-05-17 09:51:31,#Dont_Say_You_Love_Me272K
2025-05-17 09:51:31,Green Day10K
2025-05-17 09:51:31,River87K
2025-05-17 09:51:31,Zambrano
2025-05-17 09:51:31,Enrique15K
2025-05-17 09:51:31,ECHO BY JIN OUT NOW49K
2025-05-17 09:51:31,Independencia15K
2025-05-17 09:51:31,LEE KNOW AT I LIVE ALONE16K
2025-05-17 09:51:31,DONT SAY YOU LOVE ME JIN272K
2025-05-17 09:51:31,Vanya
2025-05-17 09:51:31,Lava Jato
2025-05-17 09:51:31,Noriega
2025-05-17 09:51:31,Tere23K
2025-05-17 09:51:31,Mosquera
2025-05-17 09:51:31,santis
2025-05-17 09:51:31,Cari44K
2025-05-17 09:51:31,'Cuchillo'
2025-05-17 09:51:31,Celtics110K
2025-05-17 09:51:31,Benza
2025-05-17 09:51:31,echo out today
2025-05-17 09:51:31,huaman
2025-05-17 09:51:31,seokjin178K
2025-05-17 09:51:31,WIWY MV OUT NOW116K
2025-05-17 09:51:31,Pipo
2025-05-17 09:51:31,With the Clouds45K
2025-05-17 09:51:31,Gorriti
2025-05-17 09:51:31,Knicks232K
2025-05-17 09:51:31,WELCOME TO PHOCHAI21K
2025-05-17 09:51:31,Gorosito
2025-05-17 09:51:31,viscarra
2025-05-17 09:51:31,trauco
2025-05-17 09:51:31,Susana Villarán
2025-05-17 09:51:31,norma carbajal
2025-05-17 09:51:31,Cantero
2025-05-17 09:51:31,Lagarto
2025-05-17 09:51:31,Campos16K
2025-05-17 09:51:31,#LOLFanFest2025D13.4M
2025-05-17 09:51:31,Puquio
2025-05-17 09:51:31,Ayacucho
2025-05-17 09:51:31,#rpsp
2025-05-17 09:51:31,Lagos69K
2025-05-17 09:51:31,#Jin_Echo352K
2025-05-17 09:51:31,Lima32K
2025-05-17 09:51:31,#Dont_Say_You_Love_Me280K
2025-05-17 09:51:31,Paolo11K
2025-05-17 09:51:31,#DEADLINE
2025-05-17 09:51:31,Green Day10K
2025-05-17 09:51:31,Delia Espinoza
2025-05-17 09:51:31,Talleres
2025-05-17 09:51:31,Tilsa
2025-05-17 09:51:31,Iquique
2025-05-17 09:51:31,River88K
2025-05-17 09:51:31,vanya
2025-05-17 09:51:31,ECHO BY JIN TODAY
2025-05-17 09:51:31,Enrique16K
2025-05-17 09:51:31,Zambrano
2025-05-17 09:51:31,ECHO BY JIN OUT NOW57K
2025-05-17 09:51:31,LEE KNOW AT I LIVE ALONE27K
2025-05-17 09:51:31,Lava Jato
2025-05-17 09:51:31,Noriega
2025-05-17 09:51:31,Tere24K
2025-05-17 09:51:31,Independencia15K
2025-05-17 09:51:31,Mosquera
2025-05-17 09:51:31,santis
2025-05-17 09:51:31,Cari46K
2025-05-17 09:51:31,'Cuchillo'
2025-05-17 09:51:31,Celtics110K
2025-05-17 09:51:31,echo out today
2025-05-17 09:51:31,JIN COMEBACK27K
2025-05-17 09:51:31,huaman
2025-05-17 09:51:31,Sudamericana
2025-05-17 09:51:31,seokjin177K
2025-05-17 09:51:31,WIWY MV OUT NOW158K
2025-05-17 09:51:31,Pipo
2025-05-17 09:51:31,Gorriti
2025-05-17 09:51:31,Viscarra
2025-05-17 09:51:31,With the Clouds41K
2025-05-17 09:51:31,Benza
2025-05-17 09:51:31,WELCOME TO PHOCHAI27K
2025-05-17 09:51:31,Gorosito
2025-05-17 09:51:31,trauco
2025-05-17 09:51:31,norma carbajal
2025-05-17 09:51:31,Cantero
2025-05-17 09:51:31,Lagarto
2025-05-17 09:51:31,Campos16K
2025-05-17 09:51:31,gastón medina
2025-05-17 09:51:31,#LOLFanFest2025D12.6M
2025-05-17 09:51:31,Ayacucho
2025-05-17 09:51:31,Puquio
2025-05-17 09:51:31,Lima33K
2025-05-17 09:51:31,#rpsp
2025-05-17 09:51:31,Lagos67K
2025-05-17 09:51:31,San Miguel
2025-05-17 09:51:31,Enrique16K
2025-05-17 09:51:31,#Jin_Echo373K
2025-05-17 09:51:31,Paolo11K
2025-05-17 09:51:31,#Dont_Say_You_Love_Me296K
2025-05-17 09:51:31,#DEADLINE10K
2025-05-17 09:51:31,Green Day11K
2025-05-17 09:51:31,River91K
2025-05-17 09:51:31,Talleres
2025-05-17 09:51:31,Delia Espinoza
2025-05-17 09:51:31,Tilsa
2025-05-17 09:51:31,Iquique
2025-05-17 09:51:31,Mosquera
2025-05-17 09:51:31,Vanya
2025-05-17 09:51:31,ECHO BY JIN TODAY
2025-05-17 09:51:31,DONT SAY YOU LOVE ME TODAY28K
2025-05-17 09:51:31,Zambrano
2025-05-17 09:51:31,Lava Jato
2025-05-17 09:51:31,Sudamericana
2025-05-17 09:51:31,ECHO BY JIN OUT NOW65K
2025-05-17 09:51:31,De Santis
2025-05-17 09:51:31,LEE KNOW AT I LIVE ALONE33K
2025-05-17 09:51:31,DONT SAY YOU LOVE ME JIN299K
2025-05-17 09:51:31,Noriega
2025-05-17 09:51:31,Tere24K
2025-05-17 09:51:31,Jorge Chávez
2025-05-17 09:51:31,Independencia15K
2025-05-17 09:51:31,Cari47K
2025-05-17 09:51:31,Celtics109K
2025-05-17 09:51:31,echo out today
2025-05-17 09:51:31,'Cuchillo'
2025-05-17 09:51:31,JIN COMEBACK30K
2025-05-17 09:51:31,huaman
2025-05-17 09:51:31,seokjin173K
2025-05-17 09:51:31,Campos16K
2025-05-17 09:51:31,WIWY MV OUT NOW221K
2025-05-17 09:51:31,Pipo
2025-05-17 09:51:31,Viscarra
2025-05-17 09:51:31,With the Clouds46K
2025-05-17 09:51:31,Benza
2025-05-17 09:51:31,WELCOME TO PHOCHAI27K
2025-05-17 09:51:31,Gorosito
2025-05-17 09:51:31,trauco
2025-05-17 09:51:31,norma carbajal
2025-05-17 09:51:31,#LOLFanFest2025D12.7M
2025-05-17 09:51:31,Ayacucho
2025-05-17 09:51:31,Lima33K
2025-05-17 09:51:31,Lagos65K
2025-05-17 09:51:31,Talleres
2025-05-17 09:51:31,San Miguel
2025-05-17 09:51:31,Enrique17K
2025-05-17 09:51:31,#Jin_Echo390K
2025-05-17 09:51:31,#Dont_Say_You_Love_Me306K
2025-05-17 09:51:31,Zambrano
2025-05-17 09:51:31,Paolo11K
2025-05-17 09:51:31,#DEADLINE12K
2025-05-17 09:51:31,Green Day11K
2025-05-17 09:51:31,River93K
2025-05-17 09:51:31,Noriega
2025-05-17 09:51:31,'cuchillo'
2025-05-17 09:51:31,Tilsa
2025-05-17 09:51:31,Iquique
2025-05-17 09:51:31,Mosquera
2025-05-17 09:51:31,Vanya
2025-05-17 09:51:31,ECHO BY JIN TODAY11K
2025-05-17 09:51:31,DONT SAY YOU LOVE ME TODAY28K
2025-05-17 09:51:31,Delia Espinoza
2025-05-17 09:51:31,Lava Jato
2025-05-17 09:51:31,GOROSITO
2025-05-17 09:51:31,sudamericana
2025-05-17 09:51:31,ECHO BY JIN OUT NOW73K
2025-05-17 09:51:31,De Santis
2025-05-17 09:51:31,viscarra
2025-05-17 09:51:31,LEE KNOW AT I LIVE ALONE33K
2025-05-17 09:51:31,DONT SAY YOU LOVE ME JIN310K
2025-05-17 09:51:31,Tere24K
2025-05-17 09:51:31,#AFHS
2025-05-17 09:51:31,Jorge Chávez
2025-05-17 09:51:31,Knicks214K
2025-05-17 09:51:31,Independencia15K
2025-05-17 09:51:31,Cari47K
2025-05-17 09:51:31,Pipo
2025-05-17 09:51:31,seokjin172K
2025-05-17 09:51:31,Celtics107K
2025-05-17 09:51:31,echo out today
2025-05-17 09:51:31,JIN COMEBACK35K
2025-05-17 09:51:31,huaman
2025-05-17 09:51:31,Campos16K
2025-05-17 09:51:31,WIWY MV OUT NOW228K
2025-05-17 09:51:31,With the Clouds47K
2025-05-17 09:51:31,Benza
2025-05-17 09:51:31,WELCOME TO PHOCHAI27K
2025-05-17 09:51:31,Gorriti
2025-05-17 09:51:31,trauco
2025-05-17 09:51:31,Ayacucho
2025-05-17 09:51:31,#LOLFanFest2025D12.4M
2025-05-17 09:51:31,Lima34K
2025-05-17 09:51:31,Lagos65K
2025-05-17 09:51:31,Talleres
2025-05-17 09:51:31,San Miguel
2025-05-17 09:51:31,Enrique17K
2025-05-17 09:51:31,#Jin_Echo394K
2025-05-17 09:51:31,Paolo11K
2025-05-17 09:51:31,Zambrano
2025-05-17 09:51:31,#Dont_Say_You_Love_Me309K
2025-05-17 09:51:31,#DEADLINE14K
2025-05-17 09:51:31,Green Day11K
2025-05-17 09:51:31,River93K
2025-05-17 09:51:31,Noriega
2025-05-17 09:51:31,'cuchillo'
2025-05-17 09:51:31,Tilsa
2025-05-17 09:51:31,Iquique
2025-05-17 09:51:31,Mosquera
2025-05-17 09:51:31,Vanya
2025-05-17 09:51:31,ECHO BY JIN TODAY12K
2025-05-17 09:51:31,DONT SAY YOU LOVE ME TODAY29K
2025-05-17 09:51:31,Delia Espinoza
2025-05-17 09:51:31,Lava Jato
2025-05-17 09:51:31,GOROSITO
2025-05-17 09:51:31,sudamericana
2025-05-17 09:51:31,ECHO BY JIN OUT NOW82K
2025-05-17 09:51:31,de santis
2025-05-17 09:51:31,viscarra
2025-05-17 09:51:31,LEE KNOW AT I LIVE ALONE33K
2025-05-17 09:51:31,DONT SAY YOU LOVE ME JIN314K
2025-05-17 09:51:31,milagro de yatra
2025-05-17 09:51:31,Tere24K
2025-05-17 09:51:31,#afhs
2025-05-17 09:51:31,Jorge Chávez
2025-05-17 09:51:31,Knicks210K
2025-05-17 09:51:31,Independencia15K
2025-05-17 09:51:31,Cari47K
2025-05-17 09:51:31,Pipo
2025-05-17 09:51:31,seokjin178K
2025-05-17 09:51:31,Celtics106K
2025-05-17 09:51:31,echo out today
2025-05-17 09:51:31,JIN COMEBACK40K
2025-05-17 09:51:31,huaman
2025-05-17 09:51:31,Campos16K
2025-05-17 09:51:31,WIWY MV OUT NOW225K
2025-05-17 09:51:31,With the Clouds48K
2025-05-17 09:51:31,WELCOME TO PHOCHAI27K
2025-05-17 09:51:31,trauco
2025-05-17 09:51:31,norma carbajal
2025-05-17 09:51:31,Lagos64K
2025-05-17 09:51:31,#LOLFanFest2025D12M
2025-05-17 09:51:31,Talleres
2025-05-17 09:51:31,River95K
2025-05-17 09:51:31,Enrique17K
2025-05-17 09:51:31,Paolo11K
2025-05-17 09:51:31,#Jin_Echo402K
2025-05-17 09:51:31,Zambrano
2025-05-17 09:51:31,tilsa
2025-05-17 09:51:31,#DEADLINE16K
2025-05-17 09:51:31,#Dont_Say_You_Love_Me319K
2025-05-17 09:51:31,Green Day12K
2025-05-17 09:51:31,Noriega
2025-05-17 09:51:31,'cuchillo'
2025-05-17 09:51:31,delia espinoza
2025-05-17 09:51:31,Iquique
2025-05-17 09:51:31,Mosquera
2025-05-17 09:51:31,Vanya
2025-05-17 09:51:31,ECHO BY JIN TODAY13K
2025-05-17 09:51:31,DONT SAY YOU LOVE ME TODAY28K
2025-05-17 09:51:31,Pipo
2025-05-17 09:51:31,Lava Jato
2025-05-17 09:51:31,GOROSITO
2025-05-17 09:51:31,Sudamericana
2025-05-17 09:51:31,ECHO BY JIN OUT NOW86K
2025-05-17 09:51:31,Alianza16K
2025-05-17 09:51:31,de santis
2025-05-17 09:51:31,viscarra
2025-05-17 09:51:31,LEE KNOW AT I LIVE ALONE33K
2025-05-17 09:51:31,DONT SAY YOU LOVE ME JIN324K
2025-05-17 09:51:31,milagro de yatra
2025-05-17 09:51:31,gastón medina
2025-05-17 09:51:31,Tere24K
2025-05-17 09:51:31,#afhs
2025-05-17 09:51:31,Jorge Chávez
2025-05-17 09:51:31,Knicks206K
2025-05-17 09:51:31,Independencia15K
2025-05-17 09:51:31,Cari48K
2025-05-17 09:51:31,Celtics105K
2025-05-17 09:51:31,echo out today
2025-05-17 09:51:31,seokjin190K
2025-05-17 09:51:31,JIN COMEBACK49K
2025-05-17 09:51:31,rutas de lima
2025-05-17 09:51:31,huaman
2025-05-17 09:51:31,Campos15K
2025-05-17 09:51:31,WIWY MV OUT NOW223K
2025-05-17 09:51:31,With the Clouds46K
2025-05-17 09:51:31,Gorriti
2025-05-17 09:51:31,Colombia157K
2025-05-17 09:51:31,WELCOME TO PHOCHAI27K
2025-05-17 09:51:31,Lagos64K
2025-05-17 09:51:31,#LOLFanFest2025D11.6M
2025-05-17 09:51:31,Talleres
2025-05-17 09:51:31,River96K
2025-05-17 09:51:31,Paolo11K
2025-05-17 09:51:31,Enrique17K
2025-05-17 09:51:31,#Jin_Echo411K
2025-05-17 09:51:31,Zambrano
2025-05-17 09:51:31,Tilsa
2025-05-17 09:51:31,#Dont_Say_You_Love_Me329K
2025-05-17 09:51:31,#DEADLINE18K
2025-05-17 09:51:31,Green Day12K
2025-05-17 09:51:31,Noriega
2025-05-17 09:51:31,'cuchillo'
2025-05-17 09:51:31,Delia Espinoza
2025-05-17 09:51:31,Iquique
2025-05-17 09:51:31,Mosquera
2025-05-17 09:51:31,Vanya
2025-05-17 09:51:31,ECHO BY JIN TODAY13K
2025-05-17 09:51:31,DONT SAY YOU LOVE ME TODAY26K
2025-05-17 09:51:31,Pipo
2025-05-17 09:51:31,Lava Jato
2025-05-17 09:51:31,gorosito
2025-05-17 09:51:31,Sudamericana
2025-05-17 09:51:31,ECHO BY JIN OUT NOW91K
2025-05-17 09:51:31,Alianza16K
2025-05-17 09:51:31,#AFHS
2025-05-17 09:51:31,de santis
2025-05-17 09:51:31,Viscarra
2025-05-17 09:51:31,LEE KNOW AT I LIVE ALONE32K
2025-05-17 09:51:31,DONT SAY YOU LOVE ME JIN334K
2025-05-17 09:51:31,milagro de yatra
2025-05-17 09:51:31,gastón medina
2025-05-17 09:51:31,Tere24K
2025-05-17 09:51:31,Jorge Chávez
2025-05-17 09:51:31,Knicks203K
2025-05-17 09:51:31,Independencia15K
2025-05-17 09:51:31,Cari49K
2025-05-17 09:51:31,Celtics104K
2025-05-17 09:51:31,echo out today
2025-05-17 09:51:31,JIN COMEBACK64K
2025-05-17 09:51:31,rutas de lima
2025-05-17 09:51:31,huaman
2025-05-17 09:51:31,seokjin203K
2025-05-17 09:51:31,Campos15K
2025-05-17 09:51:31,WIWY MV OUT NOW221K
2025-05-17 09:51:31,With the Clouds42K
2025-05-17 09:51:31,Gorriti
2025-05-17 09:51:31,Colombia158K
2025-05-17 09:51:31,WELCOME TO PHOCHAI27K
2025-05-17 09:51:31,Lagos59K
2025-05-17 09:51:31,Talleres
2025-05-17 09:51:31,#LOLFanFest2025D11.2M
2025-05-17 09:51:31,River94K
2025-05-17 09:51:31,Paolo11K
2025-05-17 09:51:31,#Jin_Echo391K
2025-05-17 09:51:31,Enrique17K
2025-05-17 09:51:31,#Dont_Say_You_Love_Me312K
2025-05-17 09:51:31,Zambrano
2025-05-17 09:51:31,Tilsa
2025-05-17 09:51:31,#DEADLINE18K
2025-05-17 09:51:31,Green Day12K
2025-05-17 09:51:31,Independencia15K
2025-05-17 09:51:31,#AFHS
2025-05-17 09:51:31,Noriega
2025-05-17 09:51:31,'cuchillo'
2025-05-17 09:51:31,Delia Espinoza
2025-05-17 09:51:31,Iquique
2025-05-17 09:51:31,Mosquera
2025-05-17 09:51:31,Vanya
2025-05-17 09:51:31,ECHO BY JIN TODAY13K
2025-05-17 09:51:31,DONT SAY YOU LOVE ME TODAY19K
2025-05-17 09:51:31,Pipo
2025-05-17 09:51:31,Lava Jato
2025-05-17 09:51:31,gorosito
2025-05-17 09:51:31,Sudamericana
2025-05-17 09:51:31,ECHO BY JIN OUT NOW90K
2025-05-17 09:51:31,Alianza16K
2025-05-17 09:51:31,de santis
2025-05-17 09:51:31,Viscarra
2025-05-17 09:51:31,LEE KNOW AT I LIVE ALONE33K
2025-05-17 09:51:31,DONT SAY YOU LOVE ME JIN316K
2025-05-17 09:51:31,milagro de yatra
2025-05-17 09:51:31,gastón medina
2025-05-17 09:51:31,Tere23K
2025-05-17 09:51:31,Campos15K
2025-05-17 09:51:31,Jorge Chávez
2025-05-17 09:51:31,Knicks199K
2025-05-17 09:51:31,Cari47K
2025-05-17 09:51:31,Celtics103K
2025-05-17 09:51:31,ECHO OUT TODAY
2025-05-17 09:51:31,JIN COMEBACK64K
2025-05-17 09:51:31,Rutas de Lima
2025-05-17 09:51:31,huaman
2025-05-17 09:51:31,seokjin197K
2025-05-17 09:51:31,WIWY MV OUT NOW219K
2025-05-17 09:51:31,With the Clouds42K
2025-05-17 09:51:31,Gorriti
2025-05-17 09:51:31,Colombia157K
2025-05-17 09:51:31,WELCOME TO PHOCHAI26K
2025-05-17 09:51:31,#AFHS
2025-05-17 09:51:31,Lagos61K
2025-05-17 09:51:31,Talleres
2025-05-17 09:51:31,#LOLFanFest2025D1630K
2025-05-17 09:51:31,River94K
2025-05-17 09:51:31,Paolo11K
2025-05-17 09:51:31,#Jin_Echo401K
2025-05-17 09:51:31,Enrique17K
2025-05-17 09:51:31,#Dont_Say_You_Love_Me320K
2025-05-17 09:51:31,Zambrano
2025-05-17 09:51:31,Tilsa
2025-05-17 09:51:31,#DEADLINE20K
2025-05-17 09:51:31,Independencia15K
2025-05-17 09:51:31,Green Day12K
2025-05-17 09:51:31,Noriega
2025-05-17 09:51:31,'Cuchillo'
2025-05-17 09:51:31,Delia Espinoza
2025-05-17 09:51:31,Emiro12K
2025-05-17 09:51:31,Iquique
2025-05-17 09:51:31,Mosquera
2025-05-17 09:51:31,Vanya
2025-05-17 09:51:31,ECHO BY JIN TODAY14K
2025-05-17 09:51:31,DONT SAY YOU LOVE ME TODAY20K
2025-05-17 09:51:31,Pipo
2025-05-17 09:51:31,Lava Jato
2025-05-17 09:51:31,Gorosito
2025-05-17 09:51:31,Sudamericana
2025-05-17 09:51:31,ECHO BY JIN OUT NOW94K
2025-05-17 09:51:31,Alianza16K
2025-05-17 09:51:31,de santis
2025-05-17 09:51:31,Teresa17K
2025-05-17 09:51:31,Viscarra
2025-05-17 09:51:31,Celtics101K
2025-05-17 09:51:31,LEE KNOW AT I LIVE ALONE32K
2025-05-17 09:51:31,DONT SAY YOU LOVE ME JIN326K
2025-05-17 09:51:31,milagro de yatra
2025-05-17 09:51:31,gastón medina
2025-05-17 09:51:31,Campos15K
2025-05-17 09:51:31,Jorge Chávez
2025-05-17 09:51:31,Knicks194K
2025-05-17 09:51:31,Cari47K
2025-05-17 09:51:31,Cantero
2025-05-17 09:51:31,ECHO OUT TODAY
2025-05-17 09:51:31,JIN COMEBACK87K
2025-05-17 09:51:31,huaman
2025-05-17 09:51:31,seokjin203K
2025-05-17 09:51:31,WIWY MV OUT NOW216K
2025-05-17 09:51:31,With the Clouds42K
2025-05-17 09:51:31,Colombia157K
2025-05-17 09:51:31,Gorriti
2025-05-17 09:51:31,#AFHS
2025-05-17 09:51:31,Lagos64K
2025-05-17 09:51:31,Talleres
2025-05-17 09:51:31,#LOLFanFest2025D1447K
2025-05-17 09:51:31,River95K
2025-05-17 09:51:31,Paolo10K
2025-05-17 09:51:31,#Jin_Echo421K
2025-05-17 09:51:31,Enrique17K
2025-05-17 09:51:31,#Dont_Say_You_Love_Me338K
2025-05-17 09:51:31,Zambrano
2025-05-17 09:51:31,Tilsa
2025-05-17 09:51:31,#DEADLINE22K
2025-05-17 09:51:31,Green Day12K
2025-05-17 09:51:31,Vanya
2025-05-17 09:51:31,Noriega
2025-05-17 09:51:31,'Cuchillo'
2025-05-17 09:51:31,Delia Espinoza
2025-05-17 09:51:31,Emiro12K
2025-05-17 09:51:31,Iquique
2025-05-17 09:51:31,Mosquera
2025-05-17 09:51:31,ECHO BY JIN TODAY16K
2025-05-17 09:51:31,DONT SAY YOU LOVE ME TODAY21K
2025-05-17 09:51:31,Pipo
2025-05-17 09:51:31,Cari47K
2025-05-17 09:51:31,Lava Jato
2025-05-17 09:51:31,Gorosito
2025-05-17 09:51:31,Sudamericana
2025-05-17 09:51:31,ECHO BY JIN OUT NOW99K
2025-05-17 09:51:31,Alianza16K
2025-05-17 09:51:31,de santis
2025-05-17 09:51:31,Teresa17K
2025-05-17 09:51:31,Viscarra
2025-05-17 09:51:31,Celtics99K
2025-05-17 09:51:31,LEE KNOW AT I LIVE ALONE32K
2025-05-17 09:51:31,Independencia15K
2025-05-17 09:51:31,DONT SAY YOU LOVE ME JIN346K
2025-05-17 09:51:31,milagro de yatra
2025-05-17 09:51:31,Gastón Medina
2025-05-17 09:51:31,Campos15K
2025-05-17 09:51:31,Jorge Chávez
2025-05-17 09:51:31,Knicks188K
2025-05-17 09:51:31,Cantero
2025-05-17 09:51:31,ECHO OUT TODAY
2025-05-17 09:51:31,JIN COMEBACK89K
2025-05-17 09:51:31,Colombia157K
2025-05-17 09:51:31,huaman
2025-05-17 09:51:31,WIWY MV OUT NOW213K
2025-05-17 09:51:31,Gorriti
2025-05-17 09:51:31,seokjin207K
2025-05-17 09:51:31,With the Clouds43K
2025-05-17 09:51:31,#AFHS
2025-05-17 09:51:31,Lagos65K
2025-05-17 09:51:31,Tere22K
2025-05-17 09:51:31,Talleres
2025-05-17 09:51:31,#Jin_Echo446K
2025-05-17 09:51:31,#Dont_Say_You_Love_Me358K
2025-05-17 09:51:31,River96K
2025-05-17 09:51:31,Paolo10K
2025-05-17 09:51:31,Enrique17K
2025-05-17 09:51:31,Zambrano
2025-05-17 09:51:31,Independencia15K
2025-05-17 09:51:31,ECHO BY JIN OUT NOW108K
2025-05-17 09:51:31,#ElGranChefFamosos
2025-05-17 09:51:31,Tilsa
2025-05-17 09:51:31,#DEADLINE25K
2025-05-17 09:51:31,Green Day12K
2025-05-17 09:51:31,Vanya
2025-05-17 09:51:31,Delia Espinoza
2025-05-17 09:51:31,Knicks179K
2025-05-17 09:51:31,Noriega
2025-05-17 09:51:31,'Cuchillo'
2025-05-17 09:51:31,Emiro12K
2025-05-17 09:51:31,Iquique
2025-05-17 09:51:31,Mosquera
2025-05-17 09:51:31,ECHO BY JIN TODAY18K
2025-05-17 09:51:31,DONT SAY YOU LOVE ME TODAY24K
2025-05-17 09:51:31,Pipo
2025-05-17 09:51:31,Cari47K
2025-05-17 09:51:31,Lava Jato
2025-05-17 09:51:31,Gorosito
2025-05-17 09:51:31,Sudamericana
2025-05-17 09:51:31,Alianza16K
2025-05-17 09:51:31,de santis
2025-05-17 09:51:31,Viscarra
2025-05-17 09:51:31,Celtics96K
2025-05-17 09:51:31,LEE KNOW AT I LIVE ALONE32K
2025-05-17 09:51:31,DONT SAY YOU LOVE ME JIN367K
2025-05-17 09:51:31,milagro de yatra
2025-05-17 09:51:31,Gastón Medina
2025-05-17 09:51:31,Campos15K
2025-05-17 09:51:31,Jorge Chávez
2025-05-17 09:51:31,Pedro García
2025-05-17 09:51:31,Susana Villarán
2025-05-17 09:51:31,Cantero
2025-05-17 09:51:31,Gorriti
2025-05-17 09:51:31,ECHO OUT TODAY
2025-05-17 09:51:31,JIN COMEBACK89K
2025-05-17 09:51:31,Colombia157K
2025-05-17 09:51:31,Huaman
2025-05-17 09:51:31,WIWY MV OUT NOW210K
2025-05-17 09:51:31,#AFHS
2025-05-17 09:51:31,Lagos66K
2025-05-17 09:51:31,Gaspar
2025-05-17 09:51:31,Tere22K
2025-05-17 09:51:31,Talleres
2025-05-17 09:51:31,Nacho16K
2025-05-17 09:51:31,Paolo10K
2025-05-17 09:51:31,#Jin_Echo495K
2025-05-17 09:51:31,River98K
2025-05-17 09:51:31,#Dont_Say_You_Love_Me400K
2025-05-17 09:51:31,Enrique17K
2025-05-17 09:51:31,Zambrano
2025-05-17 09:51:31,Green Day12K
2025-05-17 09:51:31,Tilsa
2025-05-17 09:51:31,ECHO BY JIN OUT NOW120K
2025-05-17 09:51:31,#ElGranChefFamosos
2025-05-17 09:51:31,#DEADLINE30K
2025-05-17 09:51:31,Vanya
2025-05-17 09:51:31,Emiro10K
2025-05-17 09:51:31,Delia Espinoza
2025-05-17 09:51:31,Knicks167K
2025-05-17 09:51:31,Noriega
2025-05-17 09:51:31,'Cuchillo'
2025-05-17 09:51:31,Viscarra
2025-05-17 09:51:31,Iquique
2025-05-17 09:51:31,Lava Jato
2025-05-17 09:51:31,Mosquera
2025-05-17 09:51:31,Gorosito
2025-05-17 09:51:31,ECHO BY JIN TODAY23K
2025-05-17 09:51:31,Sudamericana
2025-05-17 09:51:31,DONT SAY YOU LOVE ME TODAY29K
2025-05-17 09:51:31,Pipo
2025-05-17 09:51:31,Cari47K
2025-05-17 09:51:31,Alianza16K
2025-05-17 09:51:31,Celtics92K
2025-05-17 09:51:31,de santis
2025-05-17 09:51:31,LEE KNOW AT I LIVE ALONE32K
2025-05-17 09:51:31,Natalia11K
2025-05-17 09:51:31,DONT SAY YOU LOVE ME JIN415K
2025-05-17 09:51:31,milagro de yatra
2025-05-17 09:51:31,Colombia157K
2025-05-17 09:51:31,Gastón Medina
2025-05-17 09:51:31,Campos15K
2025-05-17 09:51:31,Jorge Chávez
2025-05-17 09:51:31,Lucero
2025-05-17 09:51:31,Pedro García
2025-05-17 09:51:31,seokjin231K
2025-05-17 09:51:31,Susana Villarán
2025-05-17 09:51:31,Cantero
2025-05-17 09:51:31,ECHO OUT TODAY
2025-05-17 09:51:31,#AFHS
2025-05-17 09:51:31,Lagos67K
2025-05-17 09:51:31,Talleres
2025-05-17 09:51:31,#ElGranChefFamosos
2025-05-17 09:51:31,#Dont_Say_You_Love_Me548K
2025-05-17 09:51:31,#Jin_Echo647K
2025-05-17 09:51:31,River101K
2025-05-17 09:51:31,Nacho18K
2025-05-17 09:51:31,Tere22K
2025-05-17 09:51:31,Enrique18K
2025-05-17 09:51:31,Paolo10K
2025-05-17 09:51:31,ECHO OUT TODAY14K
2025-05-17 09:51:31,Zambrano
2025-05-17 09:51:31,Green Day13K
2025-05-17 09:51:31,Tilsa
2025-05-17 09:51:31,ECHO BY JIN OUT NOW162K
2025-05-17 09:51:31,#DEADLINE37K
2025-05-17 09:51:31,Gorosito
2025-05-17 09:51:31,Noriega
2025-05-17 09:51:31,Vanya
2025-05-17 09:51:31,'Cuchillo'
2025-05-17 09:51:31,Mosquera
2025-05-17 09:51:31,Delia Espinoza
2025-05-17 09:51:31,Niurka12K
2025-05-17 09:51:31,Viscarra
2025-05-17 09:51:31,Iquique
2025-05-17 09:51:31,Lava Jato
2025-05-17 09:51:31,Sudamericana
2025-05-17 09:51:31,Pipo
2025-05-17 09:51:31,ECHO BY JIN TODAY43K
2025-05-17 09:51:31,DONT SAY YOU LOVE ME TODAY53K
2025-05-17 09:51:31,Cari48K
2025-05-17 09:51:31,Alianza17K
2025-05-17 09:51:31,Campos15K
2025-05-17 09:51:31,De Santis
2025-05-17 09:51:31,Susana Villarán
2025-05-17 09:51:31,Cantero
2025-05-17 09:51:31,Colombia157K
2025-05-17 09:51:31,seokjin265K
2025-05-17 09:51:31,LEE KNOW AT I LIVE ALONE32K
2025-05-17 09:51:31,Natalia10K
2025-05-17 09:51:31,DONT SAY YOU LOVE ME JIN583K
2025-05-17 09:51:31,Yatra19K
2025-05-17 09:51:31,Gastón Medina
2025-05-17 09:51:31,Vaticano21K
2025-05-17 09:51:31,Jorge Chávez
2025-05-17 09:51:31,Pedro García
2025-05-17 09:51:31,WELCOME TO PHOCHAI25K
2025-05-17 09:51:31,jin comeback94K
2025-05-17 09:51:31,Huaman
2025-05-17 09:51:31,#AFHS
2025-05-17 09:51:31,Green Day13K
2025-05-17 09:51:31,Lagos67K
2025-05-17 09:51:31,Talleres
2025-05-17 09:51:31,#Dont_Say_You_Love_Me573K
2025-05-17 09:51:31,#Jin_Echo674K
2025-05-17 09:51:31,River110K
2025-05-17 09:51:31,Zambrano
2025-05-17 09:51:31,Paolo10K
2025-05-17 09:51:31,Enrique18K
2025-05-17 09:51:31,#ElGranChefFamosos
2025-05-17 09:51:31,ECHO OUT TODAY20K
2025-05-17 09:51:31,Nacho19K
2025-05-17 09:51:31,Tilsa
2025-05-17 09:51:31,ECHO BY JIN OUT NOW179K
2025-05-17 09:51:31,#DEADLINE50K
2025-05-17 09:51:31,Gorosito
2025-05-17 09:51:31,Noriega
2025-05-17 09:51:31,Vanya
2025-05-17 09:51:31,'Cuchillo'
2025-05-17 09:51:31,Mosquera
2025-05-17 09:51:31,Pipo
2025-05-17 09:51:31,Niurka12K
2025-05-17 09:51:31,Viscarra
2025-05-17 09:51:31,Delia Espinoza
2025-05-17 09:51:31,Iquique
2025-05-17 09:51:31,Lava Jato
2025-05-17 09:51:31,Sudamericana
2025-05-17 09:51:31,ECHO BY JIN TODAY60K
2025-05-17 09:51:31,DONT SAY YOU LOVE ME TODAY74K
2025-05-17 09:51:31,Cari48K
2025-05-17 09:51:31,Susana Villarán
2025-05-17 09:51:31,Alianza18K
2025-05-17 09:51:31,Campos15K
2025-05-17 09:51:31,De Santis
2025-05-17 09:51:31,Cantero
2025-05-17 09:51:31,Colombia158K
2025-05-17 09:51:31,seokjin265K
2025-05-17 09:51:31,LEE KNOW AT I LIVE ALONE32K
2025-05-17 09:51:31,DONT SAY YOU LOVE ME JIN629K
2025-05-17 09:51:31,Yatra22K
2025-05-17 09:51:31,Gastón Medina
2025-05-17 09:51:31,Vaticano21K
2025-05-17 09:51:31,Jorge Chávez
2025-05-17 09:51:31,Natalia
2025-05-17 09:51:31,Pedro García
2025-05-17 09:51:31,WELCOME TO PHOCHAI24K
2025-05-17 09:51:31,JIN COMEBACK93K
2025-05-17 09:51:31,Huaman
2025-05-17 09:51:31,WIWY MV OUT NOW198K
2025-05-17 09:51:31,Lagos67K
2025-05-17 09:51:31,Green Day13K
2025-05-17 09:51:31,Talleres
2025-05-17 09:51:31,River131K
2025-05-17 09:51:31,#Jin_Echo680K
2025-05-17 09:51:31,#Dont_Say_You_Love_Me572K
2025-05-17 09:51:31,Viscarra
2025-05-17 09:51:31,Enrique18K
2025-05-17 09:51:31,Paolo10K
2025-05-17 09:51:31,Zambrano
2025-05-17 09:51:31,ECHO OUT TODAY22K
2025-05-17 09:51:31,Tilsa
2025-05-17 09:51:31,ECHO BY JIN OUT NOW176K
2025-05-17 09:51:31,Gorosito
2025-05-17 09:51:31,#DEADLINE77K
2025-05-17 09:51:31,Pipo
2025-05-17 09:51:31,Noriega
2025-05-17 09:51:31,'Cuchillo'
2025-05-17 09:51:31,Sudamericana11K
2025-05-17 09:51:31,Mosquera
2025-05-17 09:51:31,Lava Jato
2025-05-17 09:51:31,Iquique
2025-05-17 09:51:31,Delia Espinoza
2025-05-17 09:51:31,Cari48K
2025-05-17 09:51:31,Vanya
2025-05-17 09:51:31,ECHO BY JIN TODAY71K
2025-05-17 09:51:31,#에코_진에게_가는_여정62K
2025-05-17 09:51:31,DONT SAY YOU LOVE ME TODAY86K
2025-05-17 09:51:31,Campos16K
2025-05-17 09:51:31,Alianza19K
2025-05-17 09:51:31,Colombia160K
2025-05-17 09:51:31,Gastón Medina
2025-05-17 09:51:31,De Santis
2025-05-17 09:51:31,Cantero
2025-05-17 09:51:31,seokjin262K
2025-05-17 09:51:31,Niurka12K
2025-05-17 09:51:31,LEE KNOW AT I LIVE ALONE32K
2025-05-17 09:51:31,DONT SAY YOU LOVE ME JIN637K
2025-05-17 09:51:31,Yatra24K
2025-05-17 09:51:31,Susana Villarán
2025-05-17 09:51:31,Vaticano20K
2025-05-17 09:51:31,Jorge Chávez
2025-05-17 09:51:31,Pedro García
2025-05-17 09:51:31,#LISAxTYLA216K
2025-05-17 09:51:31,Gaibor
2025-05-17 09:51:31,WELCOME TO PHOCHAI24K
2025-05-17 09:51:31,JIN COMEBACK93K
2025-05-17 09:51:31,Huaman
2025-05-17 09:51:31,WIWY MV OUT NOW194K
2025-05-17 09:51:31,With the Clouds53K
2025-05-17 09:51:31,Lagos68K
2025-05-17 09:51:31,Green Day12K
2025-05-17 09:51:31,Talleres
2025-05-17 09:51:31,River136K
2025-05-17 09:51:31,#Jin_Echo681K
2025-05-17 09:51:31,#Dont_Say_You_Love_Me572K
2025-05-17 09:51:31,Enrique18K
2025-05-17 09:51:31,Paolo10K
2025-05-17 09:51:31,Viscarra
2025-05-17 09:51:31,Zambrano
2025-05-17 09:51:31,ECHO OUT TODAY23K
2025-05-17 09:51:31,Tilsa
2025-05-17 09:51:31,Gorosito
2025-05-17 09:51:31,ECHO BY JIN OUT NOW172K
2025-05-17 09:51:31,ECHO BY JIN TODAY75K
2025-05-17 09:51:31,Noriega
2025-05-17 09:51:31,#DEADLINE77K
2025-05-17 09:51:31,Pipo
2025-05-17 09:51:31,#에코_진에게_가는_여정66K
2025-05-17 09:51:31,'Cuchillo'
2025-05-17 09:51:31,Sudamericana11K
2025-05-17 09:51:31,Niurka10K
2025-05-17 09:51:31,Mosquera
2025-05-17 09:51:31,Lava Jato
2025-05-17 09:51:31,Iquique
2025-05-17 09:51:31,Vanya
2025-05-17 09:51:31,Cari48K
2025-05-17 09:51:31,Delia Espinoza
2025-05-17 09:51:31,DONT SAY YOU LOVE ME TODAY91K
2025-05-17 09:51:31,Colombia163K
2025-05-17 09:51:31,Campos16K
2025-05-17 09:51:31,seokjin259K
2025-05-17 09:51:31,Alianza20K
2025-05-17 09:51:31,Gastón Medina
2025-05-17 09:51:31,De Santis
2025-05-17 09:51:31,Cantero
2025-05-17 09:51:31,LEE KNOW AT I LIVE ALONE31K
2025-05-17 09:51:31,DONT SAY YOU LOVE ME JIN642K
2025-05-17 09:51:31,Yatra24K
2025-05-17 09:51:31,#MySweetheartJomEP124K
2025-05-17 09:51:31,WELCOME TO PHOCHAI23K
2025-05-17 09:51:31,Jorge Chávez
2025-05-17 09:51:31,Vaticano20K
2025-05-17 09:51:31,Huaman
2025-05-17 09:51:31,Pedro García
2025-05-17 09:51:31,Gaibor
2025-05-17 09:51:31,JIN COMEBACK93K
2025-05-17 09:51:31,Gaza1.2M
2025-05-17 09:51:31,WIWY MV OUT NOW189K
2025-05-17 09:51:31,With the Clouds51K
2025-05-17 09:51:31,Lagos68K
2025-05-17 09:51:31,Talleres
2025-05-17 09:51:31,Green Day12K
2025-05-17 09:51:31,River139K
2025-05-17 09:51:31,#Jin_Echo680K
2025-05-17 09:51:31,Paolo11K
2025-05-17 09:51:31,#Dont_Say_You_Love_Me570K
2025-05-17 09:51:31,Enrique19K
2025-05-17 09:51:31,Zambrano
2025-05-17 09:51:31,Viscarra
2025-05-17 09:51:31,Tilsa
2025-05-17 09:51:31,ECHO OUT TODAY24K
2025-05-17 09:51:31,Gorosito
2025-05-17 09:51:31,ECHO BY JIN OUT NOW170K
2025-05-17 09:51:31,Iquique
2025-05-17 09:51:31,'Cuchillo'
2025-05-17 09:51:31,Sudamericana13K
2025-05-17 09:51:31,ECHO BY JIN TODAY80K
2025-05-17 09:51:31,Pipo
2025-05-17 09:51:31,#DEADLINE76K
2025-05-17 09:51:31,Noriega
2025-05-17 09:51:31,#에코_진에게_가는_여정71K
2025-05-17 09:51:31,#LOLFanFest2025LIVE1.4M
2025-05-17 09:51:31,Mosquera
2025-05-17 09:51:31,Lava Jato
2025-05-17 09:51:31,Cari48K
2025-05-17 09:51:31,seokjin257K
2025-05-17 09:51:31,Gaibor
2025-05-17 09:51:31,Santis
2025-05-17 09:51:31,Vanya
2025-05-17 09:51:31,Colombia165K
2025-05-17 09:51:31,Delia Espinoza
2025-05-17 09:51:31,Alianza22K
2025-05-17 09:51:31,Gastón Medina
2025-05-17 09:51:31,Campos16K
2025-05-17 09:51:31,Jorge Chávez
2025-05-17 09:51:31,LEE KNOW AT I LIVE ALONE31K
2025-05-17 09:51:31,Botta
2025-05-17 09:51:31,Cantero
2025-05-17 09:51:31,Yatra24K
2025-05-17 09:51:31,JIN IS COMING34K
2025-05-17 09:51:31,WELCOME TO PHOCHAI23K
2025-05-17 09:51:31,Jesús Castillo
2025-05-17 09:51:31,Vaticano19K
2025-05-17 09:51:31,Huaman
2025-05-17 09:51:31,Arrigo
2025-05-17 09:51:31,JIN COMEBACK92K
2025-05-17 09:51:31,Pedro García
2025-05-17 09:51:31,Gaza1.2M
2025-05-17 09:51:31,WIWY MV OUT NOW185K
2025-05-17 09:51:31,Lagos67K
2025-05-17 09:51:31,Talleres
2025-05-17 09:51:31,Green Day12K
2025-05-17 09:51:31,River135K
2025-05-17 09:51:31,#Jin_Echo672K
2025-05-17 09:51:31,Enrique18K
2025-05-17 09:51:31,Paolo10K
2025-05-17 09:51:31,#Dont_Say_You_Love_Me563K
2025-05-17 09:51:31,Zambrano
2025-05-17 09:51:31,Viscarra
2025-05-17 09:51:31,Tilsa
2025-05-17 09:51:31,Gorosito
2025-05-17 09:51:31,ECHO OUT TODAY24K
2025-05-17 09:51:31,Pipo
2025-05-17 09:51:31,Sudamericana13K
2025-05-17 09:51:31,ECHO BY JIN OUT NOW168K
2025-05-17 09:51:31,Iquique
2025-05-17 09:51:31,'Cuchillo'
2025-05-17 09:51:31,ECHO BY JIN TODAY80K
2025-05-17 09:51:31,Noriega
2025-05-17 09:51:31,#DEADLINE76K
2025-05-17 09:51:31,#에코_진에게_가는_여정71K
2025-05-17 09:51:31,#LOLFanFest2025LIVE1.4M
2025-05-17 09:51:31,Cari47K
2025-05-17 09:51:31,Mosquera
2025-05-17 09:51:31,huaman
2025-05-17 09:51:31,Lava Jato
2025-05-17 09:51:31,seokjin253K
2025-05-17 09:51:31,Gaibor
2025-05-17 09:51:31,Cantero
2025-05-17 09:51:31,Santis
2025-05-17 09:51:31,Campos15K
2025-05-17 09:51:31,Alianza21K
2025-05-17 09:51:31,Colombia157K
2025-05-17 09:51:31,Gastón Medina
2025-05-17 09:51:31,Delia Espinoza
2025-05-17 09:51:31,Vanya
2025-05-17 09:51:31,Jorge Chávez
2025-05-17 09:51:31,LEE KNOW AT I LIVE ALONE30K
2025-05-17 09:51:31,Botta
2025-05-17 09:51:31,Dina Boluarte
2025-05-17 09:51:31,Yatra24K
2025-05-17 09:51:31,JIN IS COMING32K
2025-05-17 09:51:31,WELCOME TO PHOCHAI22K
2025-05-17 09:51:31,Primero la Gente
2025-05-17 09:51:31,Jesús Castillo
2025-05-17 09:51:31,Vaticano19K
2025-05-17 09:51:31,Chelsea207K
2025-05-17 09:51:31,arrigo
2025-05-17 09:51:31,Paraguay12K
2025-05-17 09:51:31,Lagos67K
2025-05-17 09:51:31,Green Day11K
2025-05-17 09:51:31,Talleres
2025-05-17 09:51:31,River136K
2025-05-17 09:51:31,Paolo10K
2025-05-17 09:51:31,#Jin_Echo670K
2025-05-17 09:51:31,#Dont_Say_You_Love_Me561K
2025-05-17 09:51:31,Enrique18K
2025-05-17 09:51:31,Zambrano
2025-05-17 09:51:31,Gorosito
2025-05-17 09:51:31,Viscarra
2025-05-17 09:51:31,Tilsa
2025-05-17 09:51:31,Sudamericana14K
2025-05-17 09:51:31,Pipo
2025-05-17 09:51:31,ECHO OUT TODAY24K
2025-05-17 09:51:31,ECHO BY JIN OUT NOW166K
2025-05-17 09:51:31,'Cuchillo'
2025-05-17 09:51:31,Noriega
2025-05-17 09:51:31,Iquique
2025-05-17 09:51:31,ECHO BY JIN TODAY82K
2025-05-17 09:51:31,seokjin250K
2025-05-17 09:51:31,#DEADLINE76K
2025-05-17 09:51:31,#에코_진에게_가는_여정74K
2025-05-17 09:51:31,#LOLFanFest2025LIVE1.4M
2025-05-17 09:51:31,Cari47K
2025-05-17 09:51:31,Mosquera
2025-05-17 09:51:31,Huaman
2025-05-17 09:51:31,Chelsea194K
2025-05-17 09:51:31,Lava Jato
2025-05-17 09:51:31,Gaibor
2025-05-17 09:51:31,Cantero
2025-05-17 09:51:31,LEE KNOW AT I LIVE ALONE30K
2025-05-17 09:51:31,Alianza22K
2025-05-17 09:51:31,Colombia160K
2025-05-17 09:51:31,Campos15K
2025-05-17 09:51:31,Delia Espinoza
2025-05-17 09:51:31,Gastón Medina
2025-05-17 09:51:31,Vanya
2025-05-17 09:51:31,De Santis
2025-05-17 09:51:31,Botta
2025-05-17 09:51:31,Dina Boluarte
2025-05-17 09:51:31,Yatra23K
2025-05-17 09:51:31,Guerrero16K
2025-05-17 09:51:31,Jorge Chávez
2025-05-17 09:51:31,JIN IS COMING33K
2025-05-17 09:51:31,WELCOME TO PHOCHAI22K
2025-05-17 09:51:31,Primero la Gente
2025-05-17 09:51:31,Jesús Castillo
2025-05-17 09:51:31,Vaticano18K
2025-05-17 09:51:31,Eduardo Arana
2025-05-17 09:51:31,Lagos67K
2025-05-17 09:51:31,Talleres
2025-05-17 09:51:31,#Dont_Say_You_Love_Me559K
2025-05-17 09:51:31,River136K
2025-05-17 09:51:31,#Jin_Echo668K
2025-05-17 09:51:31,Paolo11K
2025-05-17 09:51:31,Enrique19K
2025-05-17 09:51:31,Zambrano
2025-05-17 09:51:31,ECHO BY JIN OUT NOW165K
2025-05-17 09:51:31,Gorosito
2025-05-17 09:51:31,Viscarra
2025-05-17 09:51:31,Tilsa
2025-05-17 09:51:31,ECHO BY JIN TODAY85K
2025-05-17 09:51:31,Sudamericana15K
2025-05-17 09:51:31,#에코_진에게_가는_여정77K
2025-05-17 09:51:31,Pipo
2025-05-17 09:51:31,ECHO OUT TODAY24K
2025-05-17 09:51:31,Noriega
2025-05-17 09:51:31,'Cuchillo'
2025-05-17 09:51:31,De Santis
2025-05-17 09:51:31,Iquique
2025-05-17 09:51:31,Mosquera
2025-05-17 09:51:31,seokjin248K
2025-05-17 09:51:31,#DEADLINE76K
2025-05-17 09:51:31,Cari47K
2025-05-17 09:51:31,#LOLFanFest2025LIVE1.4M
2025-05-17 09:51:31,Lava Jato
2025-05-17 09:51:31,Huaman
2025-05-17 09:51:31,Gaibor
2025-05-17 09:51:31,Campos15K
2025-05-17 09:51:31,Cantero
2025-05-17 09:51:31,LEE KNOW AT I LIVE ALONE30K
2025-05-17 09:51:31,Colombia163K
2025-05-17 09:51:31,Alianza23K
2025-05-17 09:51:31,Gastón Medina
2025-05-17 09:51:31,Vanya
2025-05-17 09:51:31,Botta
2025-05-17 09:51:31,Dina Boluarte
2025-05-17 09:51:31,Yatra23K
2025-05-17 09:51:31,Delia Espinoza
2025-05-17 09:51:31,Jorge Chávez
2025-05-17 09:51:31,WIWY MV OUT NOW175K
2025-05-17 09:51:31,Guerrero17K
2025-05-17 09:51:31,JIN IS COMING34K
2025-05-17 09:51:31,WELCOME TO PHOCHAI21K
2025-05-17 09:51:31,Jesús Castillo
2025-05-17 09:51:31,Vaticano18K
2025-05-17 09:51:31,Eduardo Arana
2025-05-17 09:51:31,arrigo
2025-05-17 09:51:31,Paraguay12K
2025-05-17 09:51:31,Lagos67K
2025-05-17 09:51:31,Talleres
2025-05-17 09:51:31,#Dont_Say_You_Love_Me556K
2025-05-17 09:51:31,#Jin_Echo664K
2025-05-17 09:51:31,River136K
2025-05-17 09:51:31,Enrique19K
2025-05-17 09:51:31,Paolo11K
2025-05-17 09:51:31,Zambrano
2025-05-17 09:51:31,Gorosito
2025-05-17 09:51:31,ECHO BY JIN OUT NOW164K
2025-05-17 09:51:31,Sudamericana15K
2025-05-17 09:51:31,Viscarra
2025-05-17 09:51:31,Pipo
2025-05-17 09:51:31,ECHO BY JIN TODAY87K
2025-05-17 09:51:31,#에코_진에게_가는_여정80K
2025-05-17 09:51:31,Tilsa
2025-05-17 09:51:31,ECHO OUT TODAY24K
2025-05-17 09:51:31,Noriega
2025-05-17 09:51:31,'Cuchillo'
2025-05-17 09:51:31,Cari47K
2025-05-17 09:51:31,Iquique
2025-05-17 09:51:31,Mosquera
2025-05-17 09:51:31,seokjin246K
2025-05-17 09:51:31,#DEADLINE75K
2025-05-17 09:51:31,#LOLFanFest2025LIVE1.4M
2025-05-17 09:51:31,Archimbaud
2025-05-17 09:51:31,Lava Jato
2025-05-17 09:51:31,Cantero
2025-05-17 09:51:31,Huaman
2025-05-17 09:51:31,Colombia166K
2025-05-17 09:51:31,Gaibor
2025-05-17 09:51:31,Campos15K
2025-05-17 09:51:31,LEE KNOW AT I LIVE ALONE29K
2025-05-17 09:51:31,Alianza24K
2025-05-17 09:51:31,Guerrero16K
2025-05-17 09:51:31,Zumba
2025-05-17 09:51:31,Jesús Castillo
2025-05-17 09:51:31,Jorge Chávez
2025-05-17 09:51:31,Vanya
2025-05-17 09:51:31,Gastón Medina
2025-05-17 09:51:31,Botta
2025-05-17 09:51:31,REBECCA WITH LOREAL IN CANNES1.2M
2025-05-17 09:51:31,Dina Boluarte
2025-05-17 09:51:31,Yatra23K
2025-05-17 09:51:31,WIWY MV OUT NOW173K
2025-05-17 09:51:31,JIN IS COMING35K
2025-05-17 09:51:31,Vaticano17K
2025-05-17 09:51:31,WELCOME TO PHOCHAI21K
2025-05-17 09:51:31,Eduardo Arana
2025-05-17 09:51:31,arrigo
2025-05-17 09:51:31,Lagos68K
2025-05-17 09:51:31,Talleres
2025-05-17 09:51:31,#Jin_Echo659K
2025-05-17 09:51:31,#Dont_Say_You_Love_Me552K
2025-05-17 09:51:31,River136K
2025-05-17 09:51:31,Paolo11K
2025-05-17 09:51:31,Enrique19K
2025-05-17 09:51:31,Zambrano
2025-05-17 09:51:31,Gorosito
2025-05-17 09:51:31,ECHO BY JIN OUT NOW162K
2025-05-17 09:51:31,Pipo
2025-05-17 09:51:31,Sudamericana15K
2025-05-17 09:51:31,Viscarra
2025-05-17 09:51:31,ECHO BY JIN TODAY88K
2025-05-17 09:51:31,Noriega
2025-05-17 09:51:31,#에코_진에게_가는_여정82K
2025-05-17 09:51:31,Tilsa
2025-05-17 09:51:31,ECHO OUT TODAY24K
2025-05-17 09:51:31,'Cuchillo'
2025-05-17 09:51:31,seokjin243K
2025-05-17 09:51:31,Cari47K
2025-05-17 09:51:31,Iquique
2025-05-17 09:51:31,#DEADLINE75K
2025-05-17 09:51:31,Mosquera
2025-05-17 09:51:31,#LOLFanFest2025LIVE1.4M
2025-05-17 09:51:31,Archimbaud
2025-05-17 09:51:31,Lava Jato
2025-05-17 09:51:31,Colombia169K
2025-05-17 09:51:31,Campos15K
2025-05-17 09:51:31,Cantero
2025-05-17 09:51:31,Huaman
2025-05-17 09:51:31,Gaibor
2025-05-17 09:51:31,LEE KNOW AT I LIVE ALONE29K
2025-05-17 09:51:31,Alianza24K
2025-05-17 09:51:31,Guerrero16K
2025-05-17 09:51:31,Zumba
2025-05-17 09:51:31,Gastón Medina
2025-05-17 09:51:31,Jesús Castillo
2025-05-17 09:51:31,Jorge Chávez
2025-05-17 09:51:31,Botta
2025-05-17 09:51:31,REBECCA WITH LOREAL IN CANNES1.2M
2025-05-17 09:51:31,Dina Boluarte
2025-05-17 09:51:31,Yatra23K
2025-05-17 09:51:31,Dylan24K
2025-05-17 09:51:31,With the Clouds46K
2025-05-17 09:51:31,Eduardo Arana
2025-05-17 09:51:31,WIWY MV OUT NOW171K
2025-05-17 09:51:31,Argentina146K
2025-05-17 09:51:31,JIN IS COMING36K
2025-05-17 09:51:31,Vanya
2025-05-17 09:51:31,Lagos69K
2025-05-17 09:51:31,Talleres
2025-05-17 09:51:31,#Jin_Echo653K
2025-05-17 09:51:31,River136K
2025-05-17 09:51:31,#Dont_Say_You_Love_Me547K
2025-05-17 09:51:31,Paolo11K
2025-05-17 09:51:31,Enrique20K
2025-05-17 09:51:31,Zambrano
2025-05-17 09:51:31,Gorosito
2025-05-17 09:51:31,Sudamericana15K
2025-05-17 09:51:31,ECHO BY JIN OUT NOW159K
2025-05-17 09:51:31,Viscarra
2025-05-17 09:51:31,Pipo
2025-05-17 09:51:31,ECHO BY JIN TODAY90K
2025-05-17 09:51:31,Noriega
2025-05-17 09:51:31,#에코_진에게_가는_여정84K
2025-05-17 09:51:31,Lava Jato
2025-05-17 09:51:31,ECHO OUT TODAY24K
2025-05-17 09:51:31,'Cuchillo'
2025-05-17 09:51:31,Mosquera
2025-05-17 09:51:31,seokjin239K
2025-05-17 09:51:31,Cari47K
2025-05-17 09:51:31,Tilsa
2025-05-17 09:51:31,Iquique
2025-05-17 09:51:31,#LeeKnowMeetsILiveAlone27K
2025-05-17 09:51:31,#DEADLINE74K
2025-05-17 09:51:31,Huaman
2025-05-17 09:51:31,Colombia172K
2025-05-17 09:51:31,Campos15K
2025-05-17 09:51:31,Cantero
2025-05-17 09:51:31,Gaibor
2025-05-17 09:51:31,Guerrero16K
2025-05-17 09:51:31,Odebrecht
2025-05-17 09:51:31,Jorge Chávez
2025-05-17 09:51:31,Alianza23K
2025-05-17 09:51:31,Eduardo Arana
2025-05-17 09:51:31,Argentina148K
2025-05-17 09:51:31,Zumba
2025-05-17 09:51:31,Gastón Medina
2025-05-17 09:51:31,BOTTA
2025-05-17 09:51:31,REBECCA WITH LOREAL IN CANNES1.3M
2025-05-17 09:51:31,Dina Boluarte
2025-05-17 09:51:31,Yatra22K
2025-05-17 09:51:31,Dylan24K
2025-05-17 09:51:31,With the Clouds45K
2025-05-17 09:51:31,Jesús Castillo
2025-05-17 09:51:31,WELCOME TO PHOCHAI20K
2025-05-17 09:51:31,WIWY MV OUT NOW167K
2025-05-17 09:51:31,JIN IS COMING37K
2025-05-17 09:51:31,Espanyol150K
2025-05-17 09:51:31,Lagos69K
2025-05-17 09:51:31,Talleres10K
2025-05-17 09:51:31,#Jin_Echo647K
2025-05-17 09:51:31,River136K
2025-05-17 09:51:31,#Dont_Say_You_Love_Me543K
2025-05-17 09:51:31,Paolo11K
2025-05-17 09:51:31,Enrique20K
2025-05-17 09:51:31,Zambrano
2025-05-17 09:51:31,Gorosito
2025-05-17 09:51:31,Viscarra
2025-05-17 09:51:31,Sudamericana15K
2025-05-17 09:51:31,ECHO BY JIN OUT NOW157K
2025-05-17 09:51:31,Mosquera
2025-05-17 09:51:31,Pipo
2025-05-17 09:51:31,ECHO BY JIN TODAY92K
2025-05-17 09:51:31,#에코_진에게_가는_여정86K
2025-05-17 09:51:31,Noriega
2025-05-17 09:51:31,ECHO OUT TODAY24K
2025-05-17 09:51:31,seokjin236K
2025-05-17 09:51:31,Lava Jato
2025-05-17 09:51:31,'Cuchillo'
2025-05-17 09:51:31,Cari47K
2025-05-17 09:51:31,Iquique
2025-05-17 09:51:31,#LeeKnowMeetsILiveAlone25K
2025-05-17 09:51:31,#DEADLINE74K
2025-05-17 09:51:31,Tilsa
2025-05-17 09:51:31,Huaman
2025-05-17 09:51:31,Soyer
2025-05-17 09:51:31,Colombia175K
2025-05-17 09:51:31,Cantero
2025-05-17 09:51:31,Odebrecht
2025-05-17 09:51:31,Gaibor
2025-05-17 09:51:31,Guerrero16K
2025-05-17 09:51:31,Campos15K
2025-05-17 09:51:31,Gastón Medina
2025-05-17 09:51:31,Argentina151K
2025-05-17 09:51:31,WIWY MV OUT NOW162K
2025-05-17 09:51:31,Jorge Chávez
2025-05-17 09:51:31,Alianza24K
2025-05-17 09:51:31,Zumba
2025-05-17 09:51:31,Eduardo Arana
2025-05-17 09:51:31,JIN IS COMING38K
2025-05-17 09:51:31,BOTTA
2025-05-17 09:51:31,REBECCA WITH LOREAL IN CANNES1.3M
2025-05-17 09:51:31,Dina Boluarte
2025-05-17 09:51:31,Yatra22K
2025-05-17 09:51:31,Dylan24K
2025-05-17 09:51:31,With the Clouds43K
2025-05-17 09:51:31,Espanyol152K
2025-05-17 09:51:31,Jesús Castillo
2025-05-17 10:19:31,#LOLFanFest2025D13.8M
2025-05-17 10:19:31,Ayacucho
2025-05-17 10:19:31,Día Mundial del Reciclaje
2025-05-17 10:19:31,Puquio
2025-05-17 10:19:31,#rpsp
2025-05-17 10:19:31,PERTHSANTA DOMIIA JOURNEY872K
2025-05-17 10:19:31,Lagos71K
2025-05-17 10:19:31,#DEADLINE
2025-05-17 10:19:31,Delia Espinoza
2025-05-17 10:19:31,Paolo10K
2025-05-17 10:19:31,Talleres
2025-05-17 10:19:31,Tilsa
2025-05-17 10:19:31,Iquique
2025-05-17 10:19:31,#Jin_Echo339K
2025-05-17 10:19:31,#Dont_Say_You_Love_Me272K
2025-05-17 10:19:31,Green Day10K
2025-05-17 10:19:31,River87K
2025-05-17 10:19:31,Zambrano
2025-05-17 10:19:31,Enrique15K
2025-05-17 10:19:31,ECHO BY JIN OUT NOW49K
2025-05-17 10:19:31,Independencia15K
2025-05-17 10:19:31,LEE KNOW AT I LIVE ALONE16K
2025-05-17 10:19:31,DONT SAY YOU LOVE ME JIN272K
2025-05-17 10:19:31,Vanya
2025-05-17 10:19:31,Lava Jato
2025-05-17 10:19:31,Noriega
2025-05-17 10:19:31,Tere23K
2025-05-17 10:19:31,Mosquera
2025-05-17 10:19:31,santis
2025-05-17 10:19:31,Cari44K
2025-05-17 10:19:31,'Cuchillo'
2025-05-17 10:19:31,Celtics110K
2025-05-17 10:19:31,Benza
2025-05-17 10:19:31,echo out today
2025-05-17 10:19:31,huaman
2025-05-17 10:19:31,seokjin178K
2025-05-17 10:19:31,WIWY MV OUT NOW116K
2025-05-17 10:19:31,Pipo
2025-05-17 10:19:31,With the Clouds45K
2025-05-17 10:19:31,Gorriti
2025-05-17 10:19:31,Knicks232K
2025-05-17 10:19:31,WELCOME TO PHOCHAI21K
2025-05-17 10:19:31,Gorosito
2025-05-17 10:19:31,viscarra
2025-05-17 10:19:31,trauco
2025-05-17 10:19:31,Susana Villarán
2025-05-17 10:19:31,norma carbajal
2025-05-17 10:19:31,Cantero
2025-05-17 10:19:31,Lagarto
2025-05-17 10:19:31,Campos16K
2025-05-17 10:19:31,#LOLFanFest2025D13.4M
2025-05-17 10:19:31,Puquio
2025-05-17 10:19:31,Ayacucho
2025-05-17 10:19:31,#rpsp
2025-05-17 10:19:31,Lagos69K
2025-05-17 10:19:31,#Jin_Echo352K
2025-05-17 10:19:31,Lima32K
2025-05-17 10:19:31,#Dont_Say_You_Love_Me280K
2025-05-17 10:19:31,Paolo11K
2025-05-17 10:19:31,#DEADLINE
2025-05-17 10:19:31,Green Day10K
2025-05-17 10:19:31,Delia Espinoza
2025-05-17 10:19:31,Talleres
2025-05-17 10:19:31,Tilsa
2025-05-17 10:19:31,Iquique
2025-05-17 10:19:31,River88K
2025-05-17 10:19:31,vanya
2025-05-17 10:19:31,ECHO BY JIN TODAY
2025-05-17 10:19:31,Enrique16K
2025-05-17 10:19:31,Zambrano
2025-05-17 10:19:31,ECHO BY JIN OUT NOW57K
2025-05-17 10:19:31,LEE KNOW AT I LIVE ALONE27K
2025-05-17 10:19:31,Lava Jato
2025-05-17 10:19:31,Noriega
2025-05-17 10:19:31,Tere24K
2025-05-17 10:19:31,Independencia15K
2025-05-17 10:19:31,Mosquera
2025-05-17 10:19:31,santis
2025-05-17 10:19:31,Cari46K
2025-05-17 10:19:31,'Cuchillo'
2025-05-17 10:19:31,Celtics110K
2025-05-17 10:19:31,echo out today
2025-05-17 10:19:31,JIN COMEBACK27K
2025-05-17 10:19:31,huaman
2025-05-17 10:19:31,Sudamericana
2025-05-17 10:19:31,seokjin177K
2025-05-17 10:19:31,WIWY MV OUT NOW158K
2025-05-17 10:19:31,Pipo
2025-05-17 10:19:31,Gorriti
2025-05-17 10:19:31,Viscarra
2025-05-17 10:19:31,With the Clouds41K
2025-05-17 10:19:31,Benza
2025-05-17 10:19:31,WELCOME TO PHOCHAI27K
2025-05-17 10:19:31,Gorosito
2025-05-17 10:19:31,trauco
2025-05-17 10:19:31,norma carbajal
2025-05-17 10:19:31,Cantero
2025-05-17 10:19:31,Lagarto
2025-05-17 10:19:31,Campos16K
2025-05-17 10:19:31,gastón medina
2025-05-17 10:19:31,#LOLFanFest2025D12.6M
2025-05-17 10:19:31,Ayacucho
2025-05-17 10:19:31,Puquio
2025-05-17 10:19:31,Lima33K
2025-05-17 10:19:31,#rpsp
2025-05-17 10:19:31,Lagos67K
2025-05-17 10:19:31,San Miguel
2025-05-17 10:19:31,Enrique16K
2025-05-17 10:19:31,#Jin_Echo373K
2025-05-17 10:19:31,Paolo11K
2025-05-17 10:19:31,#Dont_Say_You_Love_Me296K
2025-05-17 10:19:31,#DEADLINE10K
2025-05-17 10:19:31,Green Day11K
2025-05-17 10:19:31,River91K
2025-05-17 10:19:31,Talleres
2025-05-17 10:19:31,Delia Espinoza
2025-05-17 10:19:31,Tilsa
2025-05-17 10:19:31,Iquique
2025-05-17 10:19:31,Mosquera
2025-05-17 10:19:31,Vanya
2025-05-17 10:19:31,ECHO BY JIN TODAY
2025-05-17 10:19:31,DONT SAY YOU LOVE ME TODAY28K
2025-05-17 10:19:31,Zambrano
2025-05-17 10:19:31,Lava Jato
2025-05-17 10:19:31,Sudamericana
2025-05-17 10:19:31,ECHO BY JIN OUT NOW65K
2025-05-17 10:19:31,De Santis
2025-05-17 10:19:31,LEE KNOW AT I LIVE ALONE33K
2025-05-17 10:19:31,DONT SAY YOU LOVE ME JIN299K
2025-05-17 10:19:31,Noriega
2025-05-17 10:19:31,Tere24K
2025-05-17 10:19:31,Jorge Chávez
2025-05-17 10:19:31,Independencia15K
2025-05-17 10:19:31,Cari47K
2025-05-17 10:19:31,Celtics109K
2025-05-17 10:19:31,echo out today
2025-05-17 10:19:31,'Cuchillo'
2025-05-17 10:19:31,JIN COMEBACK30K
2025-05-17 10:19:31,huaman
2025-05-17 10:19:31,seokjin173K
2025-05-17 10:19:31,Campos16K
2025-05-17 10:19:31,WIWY MV OUT NOW221K
2025-05-17 10:19:31,Pipo
2025-05-17 10:19:31,Viscarra
2025-05-17 10:19:31,With the Clouds46K
2025-05-17 10:19:31,Benza
2025-05-17 10:19:31,WELCOME TO PHOCHAI27K
2025-05-17 10:19:31,Gorosito
2025-05-17 10:19:31,trauco
2025-05-17 10:19:31,norma carbajal
2025-05-17 10:19:31,#LOLFanFest2025D12.7M
2025-05-17 10:19:31,Ayacucho
2025-05-17 10:19:31,Lima33K
2025-05-17 10:19:31,Lagos65K
2025-05-17 10:19:31,Talleres
2025-05-17 10:19:31,San Miguel
2025-05-17 10:19:31,Enrique17K
2025-05-17 10:19:31,#Jin_Echo390K
2025-05-17 10:19:31,#Dont_Say_You_Love_Me306K
2025-05-17 10:19:31,Zambrano
2025-05-17 10:19:31,Paolo11K
2025-05-17 10:19:31,#DEADLINE12K
2025-05-17 10:19:31,Green Day11K
2025-05-17 10:19:31,River93K
2025-05-17 10:19:31,Noriega
2025-05-17 10:19:31,'cuchillo'
2025-05-17 10:19:31,Tilsa
2025-05-17 10:19:31,Iquique
2025-05-17 10:19:31,Mosquera
2025-05-17 10:19:31,Vanya
2025-05-17 10:19:31,ECHO BY JIN TODAY11K
2025-05-17 10:19:31,DONT SAY YOU LOVE ME TODAY28K
2025-05-17 10:19:31,Delia Espinoza
2025-05-17 10:19:31,Lava Jato
2025-05-17 10:19:31,GOROSITO
2025-05-17 10:19:31,sudamericana
2025-05-17 10:19:31,ECHO BY JIN OUT NOW73K
2025-05-17 10:19:31,De Santis
2025-05-17 10:19:31,viscarra
2025-05-17 10:19:31,LEE KNOW AT I LIVE ALONE33K
2025-05-17 10:19:31,DONT SAY YOU LOVE ME JIN310K
2025-05-17 10:19:31,Tere24K
2025-05-17 10:19:31,#AFHS
2025-05-17 10:19:31,Jorge Chávez
2025-05-17 10:19:31,Knicks214K
2025-05-17 10:19:31,Independencia15K
2025-05-17 10:19:31,Cari47K
2025-05-17 10:19:31,Pipo
2025-05-17 10:19:31,seokjin172K
2025-05-17 10:19:31,Celtics107K
2025-05-17 10:19:31,echo out today
2025-05-17 10:19:31,JIN COMEBACK35K
2025-05-17 10:19:31,huaman
2025-05-17 10:19:31,Campos16K
2025-05-17 10:19:31,WIWY MV OUT NOW228K
2025-05-17 10:19:31,With the Clouds47K
2025-05-17 10:19:31,Benza
2025-05-17 10:19:31,WELCOME TO PHOCHAI27K
2025-05-17 10:19:31,Gorriti
2025-05-17 10:19:31,trauco
2025-05-17 10:19:31,Ayacucho
2025-05-17 10:19:31,#LOLFanFest2025D12.4M
2025-05-17 10:19:31,Lima34K
2025-05-17 10:19:31,Lagos65K
2025-05-17 10:19:31,Talleres
2025-05-17 10:19:31,San Miguel
2025-05-17 10:19:31,Enrique17K
2025-05-17 10:19:31,#Jin_Echo394K
2025-05-17 10:19:31,Paolo11K
2025-05-17 10:19:31,Zambrano
2025-05-17 10:19:31,#Dont_Say_You_Love_Me309K
2025-05-17 10:19:31,#DEADLINE14K
2025-05-17 10:19:31,Green Day11K
2025-05-17 10:19:31,River93K
2025-05-17 10:19:31,Noriega
2025-05-17 10:19:31,'cuchillo'
2025-05-17 10:19:31,Tilsa
2025-05-17 10:19:31,Iquique
2025-05-17 10:19:31,Mosquera
2025-05-17 10:19:31,Vanya
2025-05-17 10:19:31,ECHO BY JIN TODAY12K
2025-05-17 10:19:31,DONT SAY YOU LOVE ME TODAY29K
2025-05-17 10:19:31,Delia Espinoza
2025-05-17 10:19:31,Lava Jato
2025-05-17 10:19:31,GOROSITO
2025-05-17 10:19:31,sudamericana
2025-05-17 10:19:31,ECHO BY JIN OUT NOW82K
2025-05-17 10:19:31,de santis
2025-05-17 10:19:31,viscarra
2025-05-17 10:19:31,LEE KNOW AT I LIVE ALONE33K
2025-05-17 10:19:31,DONT SAY YOU LOVE ME JIN314K
2025-05-17 10:19:31,milagro de yatra
2025-05-17 10:19:31,Tere24K
2025-05-17 10:19:31,#afhs
2025-05-17 10:19:31,Jorge Chávez
2025-05-17 10:19:31,Knicks210K
2025-05-17 10:19:31,Independencia15K
2025-05-17 10:19:31,Cari47K
2025-05-17 10:19:31,Pipo
2025-05-17 10:19:31,seokjin178K
2025-05-17 10:19:31,Celtics106K
2025-05-17 10:19:31,echo out today
2025-05-17 10:19:31,JIN COMEBACK40K
2025-05-17 10:19:31,huaman
2025-05-17 10:19:31,Campos16K
2025-05-17 10:19:31,WIWY MV OUT NOW225K
2025-05-17 10:19:31,With the Clouds48K
2025-05-17 10:19:31,WELCOME TO PHOCHAI27K
2025-05-17 10:19:31,trauco
2025-05-17 10:19:31,norma carbajal
2025-05-17 10:19:31,Lagos64K
2025-05-17 10:19:31,#LOLFanFest2025D12M
2025-05-17 10:19:31,Talleres
2025-05-17 10:19:31,River95K
2025-05-17 10:19:31,Enrique17K
2025-05-17 10:19:31,Paolo11K
2025-05-17 10:19:31,#Jin_Echo402K
2025-05-17 10:19:31,Zambrano
2025-05-17 10:19:31,tilsa
2025-05-17 10:19:31,#DEADLINE16K
2025-05-17 10:19:31,#Dont_Say_You_Love_Me319K
2025-05-17 10:19:31,Green Day12K
2025-05-17 10:19:31,Noriega
2025-05-17 10:19:31,'cuchillo'
2025-05-17 10:19:31,delia espinoza
2025-05-17 10:19:31,Iquique
2025-05-17 10:19:31,Mosquera
2025-05-17 10:19:31,Vanya
2025-05-17 10:19:31,ECHO BY JIN TODAY13K
2025-05-17 10:19:31,DONT SAY YOU LOVE ME TODAY28K
2025-05-17 10:19:31,Pipo
2025-05-17 10:19:31,Lava Jato
2025-05-17 10:19:31,GOROSITO
2025-05-17 10:19:31,Sudamericana
2025-05-17 10:19:31,ECHO BY JIN OUT NOW86K
2025-05-17 10:19:31,Alianza16K
2025-05-17 10:19:31,de santis
2025-05-17 10:19:31,viscarra
2025-05-17 10:19:31,LEE KNOW AT I LIVE ALONE33K
2025-05-17 10:19:31,DONT SAY YOU LOVE ME JIN324K
2025-05-17 10:19:31,milagro de yatra
2025-05-17 10:19:31,gastón medina
2025-05-17 10:19:31,Tere24K
2025-05-17 10:19:31,#afhs
2025-05-17 10:19:31,Jorge Chávez
2025-05-17 10:19:31,Knicks206K
2025-05-17 10:19:31,Independencia15K
2025-05-17 10:19:31,Cari48K
2025-05-17 10:19:31,Celtics105K
2025-05-17 10:19:31,echo out today
2025-05-17 10:19:31,seokjin190K
2025-05-17 10:19:31,JIN COMEBACK49K
2025-05-17 10:19:31,rutas de lima
2025-05-17 10:19:31,huaman
2025-05-17 10:19:31,Campos15K
2025-05-17 10:19:31,WIWY MV OUT NOW223K
2025-05-17 10:19:31,With the Clouds46K
2025-05-17 10:19:31,Gorriti
2025-05-17 10:19:31,Colombia157K
2025-05-17 10:19:31,WELCOME TO PHOCHAI27K
2025-05-17 10:19:31,Lagos64K
2025-05-17 10:19:31,#LOLFanFest2025D11.6M
2025-05-17 10:19:31,Talleres
2025-05-17 10:19:31,River96K
2025-05-17 10:19:31,Paolo11K
2025-05-17 10:19:31,Enrique17K
2025-05-17 10:19:31,#Jin_Echo411K
2025-05-17 10:19:31,Zambrano
2025-05-17 10:19:31,Tilsa
2025-05-17 10:19:31,#Dont_Say_You_Love_Me329K
2025-05-17 10:19:31,#DEADLINE18K
2025-05-17 10:19:31,Green Day12K
2025-05-17 10:19:31,Noriega
2025-05-17 10:19:31,'cuchillo'
2025-05-17 10:19:31,Delia Espinoza
2025-05-17 10:19:31,Iquique
2025-05-17 10:19:31,Mosquera
2025-05-17 10:19:31,Vanya
2025-05-17 10:19:31,ECHO BY JIN TODAY13K
2025-05-17 10:19:31,DONT SAY YOU LOVE ME TODAY26K
2025-05-17 10:19:31,Pipo
2025-05-17 10:19:31,Lava Jato
2025-05-17 10:19:31,gorosito
2025-05-17 10:19:31,Sudamericana
2025-05-17 10:19:31,ECHO BY JIN OUT NOW91K
2025-05-17 10:19:31,Alianza16K
2025-05-17 10:19:31,#AFHS
2025-05-17 10:19:31,de santis
2025-05-17 10:19:31,Viscarra
2025-05-17 10:19:31,LEE KNOW AT I LIVE ALONE32K
2025-05-17 10:19:31,DONT SAY YOU LOVE ME JIN334K
2025-05-17 10:19:31,milagro de yatra
2025-05-17 10:19:31,gastón medina
2025-05-17 10:19:31,Tere24K
2025-05-17 10:19:31,Jorge Chávez
2025-05-17 10:19:31,Knicks203K
2025-05-17 10:19:31,Independencia15K
2025-05-17 10:19:31,Cari49K
2025-05-17 10:19:31,Celtics104K
2025-05-17 10:19:31,echo out today
2025-05-17 10:19:31,JIN COMEBACK64K
2025-05-17 10:19:31,rutas de lima
2025-05-17 10:19:31,huaman
2025-05-17 10:19:31,seokjin203K
2025-05-17 10:19:31,Campos15K
2025-05-17 10:19:31,WIWY MV OUT NOW221K
2025-05-17 10:19:31,With the Clouds42K
2025-05-17 10:19:31,Gorriti
2025-05-17 10:19:31,Colombia158K
2025-05-17 10:19:31,WELCOME TO PHOCHAI27K
2025-05-17 10:19:31,Lagos59K
2025-05-17 10:19:31,Talleres
2025-05-17 10:19:31,#LOLFanFest2025D11.2M
2025-05-17 10:19:31,River94K
2025-05-17 10:19:31,Paolo11K
2025-05-17 10:19:31,#Jin_Echo391K
2025-05-17 10:19:31,Enrique17K
2025-05-17 10:19:31,#Dont_Say_You_Love_Me312K
2025-05-17 10:19:31,Zambrano
2025-05-17 10:19:31,Tilsa
2025-05-17 10:19:31,#DEADLINE18K
2025-05-17 10:19:31,Green Day12K
2025-05-17 10:19:31,Independencia15K
2025-05-17 10:19:31,#AFHS
2025-05-17 10:19:31,Noriega
2025-05-17 10:19:31,'cuchillo'
2025-05-17 10:19:31,Delia Espinoza
2025-05-17 10:19:31,Iquique
2025-05-17 10:19:31,Mosquera
2025-05-17 10:19:31,Vanya
2025-05-17 10:19:31,ECHO BY JIN TODAY13K
2025-05-17 10:19:31,DONT SAY YOU LOVE ME TODAY19K
2025-05-17 10:19:31,Pipo
2025-05-17 10:19:31,Lava Jato
2025-05-17 10:19:31,gorosito
2025-05-17 10:19:31,Sudamericana
2025-05-17 10:19:31,ECHO BY JIN OUT NOW90K
2025-05-17 10:19:31,Alianza16K
2025-05-17 10:19:31,de santis
2025-05-17 10:19:31,Viscarra
2025-05-17 10:19:31,LEE KNOW AT I LIVE ALONE33K
2025-05-17 10:19:31,DONT SAY YOU LOVE ME JIN316K
2025-05-17 10:19:31,milagro de yatra
2025-05-17 10:19:31,gastón medina
2025-05-17 10:19:31,Tere23K
2025-05-17 10:19:31,Campos15K
2025-05-17 10:19:31,Jorge Chávez
2025-05-17 10:19:31,Knicks199K
2025-05-17 10:19:31,Cari47K
2025-05-17 10:19:31,Celtics103K
2025-05-17 10:19:31,ECHO OUT TODAY
2025-05-17 10:19:31,JIN COMEBACK64K
2025-05-17 10:19:31,Rutas de Lima
2025-05-17 10:19:31,huaman
2025-05-17 10:19:31,seokjin197K
2025-05-17 10:19:31,WIWY MV OUT NOW219K
2025-05-17 10:19:31,With the Clouds42K
2025-05-17 10:19:31,Gorriti
2025-05-17 10:19:31,Colombia157K
2025-05-17 10:19:31,WELCOME TO PHOCHAI26K
2025-05-17 10:19:31,#AFHS
2025-05-17 10:19:31,Lagos61K
2025-05-17 10:19:31,Talleres
2025-05-17 10:19:31,#LOLFanFest2025D1630K
2025-05-17 10:19:31,River94K
2025-05-17 10:19:31,Paolo11K
2025-05-17 10:19:31,#Jin_Echo401K
2025-05-17 10:19:31,Enrique17K
2025-05-17 10:19:31,#Dont_Say_You_Love_Me320K
2025-05-17 10:19:31,Zambrano
2025-05-17 10:19:31,Tilsa
2025-05-17 10:19:31,#DEADLINE20K
2025-05-17 10:19:31,Independencia15K
2025-05-17 10:19:31,Green Day12K
2025-05-17 10:19:31,Noriega
2025-05-17 10:19:31,'Cuchillo'
2025-05-17 10:19:31,Delia Espinoza
2025-05-17 10:19:31,Emiro12K
2025-05-17 10:19:31,Iquique
2025-05-17 10:19:31,Mosquera
2025-05-17 10:19:31,Vanya
2025-05-17 10:19:31,ECHO BY JIN TODAY14K
2025-05-17 10:19:31,DONT SAY YOU LOVE ME TODAY20K
2025-05-17 10:19:31,Pipo
2025-05-17 10:19:31,Lava Jato
2025-05-17 10:19:31,Gorosito
2025-05-17 10:19:31,Sudamericana
2025-05-17 10:19:31,ECHO BY JIN OUT NOW94K
2025-05-17 10:19:31,Alianza16K
2025-05-17 10:19:31,de santis
2025-05-17 10:19:31,Teresa17K
2025-05-17 10:19:31,Viscarra
2025-05-17 10:19:31,Celtics101K
2025-05-17 10:19:31,LEE KNOW AT I LIVE ALONE32K
2025-05-17 10:19:31,DONT SAY YOU LOVE ME JIN326K
2025-05-17 10:19:31,milagro de yatra
2025-05-17 10:19:31,gastón medina
2025-05-17 10:19:31,Campos15K
2025-05-17 10:19:31,Jorge Chávez
2025-05-17 10:19:31,Knicks194K
2025-05-17 10:19:31,Cari47K
2025-05-17 10:19:31,Cantero
2025-05-17 10:19:31,ECHO OUT TODAY
2025-05-17 10:19:31,JIN COMEBACK87K
2025-05-17 10:19:31,huaman
2025-05-17 10:19:31,seokjin203K
2025-05-17 10:19:31,WIWY MV OUT NOW216K
2025-05-17 10:19:31,With the Clouds42K
2025-05-17 10:19:31,Colombia157K
2025-05-17 10:19:31,Gorriti
2025-05-17 10:19:31,#AFHS
2025-05-17 10:19:31,Lagos64K
2025-05-17 10:19:31,Talleres
2025-05-17 10:19:31,#LOLFanFest2025D1447K
2025-05-17 10:19:31,River95K
2025-05-17 10:19:31,Paolo10K
2025-05-17 10:19:31,#Jin_Echo421K
2025-05-17 10:19:31,Enrique17K
2025-05-17 10:19:31,#Dont_Say_You_Love_Me338K
2025-05-17 10:19:31,Zambrano
2025-05-17 10:19:31,Tilsa
2025-05-17 10:19:31,#DEADLINE22K
2025-05-17 10:19:31,Green Day12K
2025-05-17 10:19:31,Vanya
2025-05-17 10:19:31,Noriega
2025-05-17 10:19:31,'Cuchillo'
2025-05-17 10:19:31,Delia Espinoza
2025-05-17 10:19:31,Emiro12K
2025-05-17 10:19:31,Iquique
2025-05-17 10:19:31,Mosquera
2025-05-17 10:19:31,ECHO BY JIN TODAY16K
2025-05-17 10:19:31,DONT SAY YOU LOVE ME TODAY21K
2025-05-17 10:19:31,Pipo
2025-05-17 10:19:31,Cari47K
2025-05-17 10:19:31,Lava Jato
2025-05-17 10:19:31,Gorosito
2025-05-17 10:19:31,Sudamericana
2025-05-17 10:19:31,ECHO BY JIN OUT NOW99K
2025-05-17 10:19:31,Alianza16K
2025-05-17 10:19:31,de santis
2025-05-17 10:19:31,Teresa17K
2025-05-17 10:19:31,Viscarra
2025-05-17 10:19:31,Celtics99K
2025-05-17 10:19:31,LEE KNOW AT I LIVE ALONE32K
2025-05-17 10:19:31,Independencia15K
2025-05-17 10:19:31,DONT SAY YOU LOVE ME JIN346K
2025-05-17 10:19:31,milagro de yatra
2025-05-17 10:19:31,Gastón Medina
2025-05-17 10:19:31,Campos15K
2025-05-17 10:19:31,Jorge Chávez
2025-05-17 10:19:31,Knicks188K
2025-05-17 10:19:31,Cantero
2025-05-17 10:19:31,ECHO OUT TODAY
2025-05-17 10:19:31,JIN COMEBACK89K
2025-05-17 10:19:31,Colombia157K
2025-05-17 10:19:31,huaman
2025-05-17 10:19:31,WIWY MV OUT NOW213K
2025-05-17 10:19:31,Gorriti
2025-05-17 10:19:31,seokjin207K
2025-05-17 10:19:31,With the Clouds43K
2025-05-17 10:19:31,#AFHS
2025-05-17 10:19:31,Lagos65K
2025-05-17 10:19:31,Tere22K
2025-05-17 10:19:31,Talleres
2025-05-17 10:19:31,#Jin_Echo446K
2025-05-17 10:19:31,#Dont_Say_You_Love_Me358K
2025-05-17 10:19:31,River96K
2025-05-17 10:19:31,Paolo10K
2025-05-17 10:19:31,Enrique17K
2025-05-17 10:19:31,Zambrano
2025-05-17 10:19:31,Independencia15K
2025-05-17 10:19:31,ECHO BY JIN OUT NOW108K
2025-05-17 10:19:31,#ElGranChefFamosos
2025-05-17 10:19:31,Tilsa
2025-05-17 10:19:31,#DEADLINE25K
2025-05-17 10:19:31,Green Day12K
2025-05-17 10:19:31,Vanya
2025-05-17 10:19:31,Delia Espinoza
2025-05-17 10:19:31,Knicks179K
2025-05-17 10:19:31,Noriega
2025-05-17 10:19:31,'Cuchillo'
2025-05-17 10:19:31,Emiro12K
2025-05-17 10:19:31,Iquique
2025-05-17 10:19:31,Mosquera
2025-05-17 10:19:31,ECHO BY JIN TODAY18K
2025-05-17 10:19:31,DONT SAY YOU LOVE ME TODAY24K
2025-05-17 10:19:31,Pipo
2025-05-17 10:19:31,Cari47K
2025-05-17 10:19:31,Lava Jato
2025-05-17 10:19:31,Gorosito
2025-05-17 10:19:31,Sudamericana
2025-05-17 10:19:31,Alianza16K
2025-05-17 10:19:31,de santis
2025-05-17 10:19:31,Viscarra
2025-05-17 10:19:31,Celtics96K
2025-05-17 10:19:31,LEE KNOW AT I LIVE ALONE32K
2025-05-17 10:19:31,DONT SAY YOU LOVE ME JIN367K
2025-05-17 10:19:31,milagro de yatra
2025-05-17 10:19:31,Gastón Medina
2025-05-17 10:19:31,Campos15K
2025-05-17 10:19:31,Jorge Chávez
2025-05-17 10:19:31,Pedro García
2025-05-17 10:19:31,Susana Villarán
2025-05-17 10:19:31,Cantero
2025-05-17 10:19:31,Gorriti
2025-05-17 10:19:31,ECHO OUT TODAY
2025-05-17 10:19:31,JIN COMEBACK89K
2025-05-17 10:19:31,Colombia157K
2025-05-17 10:19:31,Huaman
2025-05-17 10:19:31,WIWY MV OUT NOW210K
2025-05-17 10:19:31,#AFHS
2025-05-17 10:19:31,Lagos66K
2025-05-17 10:19:31,Gaspar
2025-05-17 10:19:31,Tere22K
2025-05-17 10:19:31,Talleres
2025-05-17 10:19:31,Nacho16K
2025-05-17 10:19:31,Paolo10K
2025-05-17 10:19:31,#Jin_Echo495K
2025-05-17 10:19:31,River98K
2025-05-17 10:19:31,#Dont_Say_You_Love_Me400K
2025-05-17 10:19:31,Enrique17K
2025-05-17 10:19:31,Zambrano
2025-05-17 10:19:31,Green Day12K
2025-05-17 10:19:31,Tilsa
2025-05-17 10:19:31,ECHO BY JIN OUT NOW120K
2025-05-17 10:19:31,#ElGranChefFamosos
2025-05-17 10:19:31,#DEADLINE30K
2025-05-17 10:19:31,Vanya
2025-05-17 10:19:31,Emiro10K
2025-05-17 10:19:31,Delia Espinoza
2025-05-17 10:19:31,Knicks167K
2025-05-17 10:19:31,Noriega
2025-05-17 10:19:31,'Cuchillo'
2025-05-17 10:19:31,Viscarra
2025-05-17 10:19:31,Iquique
2025-05-17 10:19:31,Lava Jato
2025-05-17 10:19:31,Mosquera
2025-05-17 10:19:31,Gorosito
2025-05-17 10:19:31,ECHO BY JIN TODAY23K
2025-05-17 10:19:31,Sudamericana
2025-05-17 10:19:31,DONT SAY YOU LOVE ME TODAY29K
2025-05-17 10:19:31,Pipo
2025-05-17 10:19:31,Cari47K
2025-05-17 10:19:31,Alianza16K
2025-05-17 10:19:31,Celtics92K
2025-05-17 10:19:31,de santis
2025-05-17 10:19:31,LEE KNOW AT I LIVE ALONE32K
2025-05-17 10:19:31,Natalia11K
2025-05-17 10:19:31,DONT SAY YOU LOVE ME JIN415K
2025-05-17 10:19:31,milagro de yatra
2025-05-17 10:19:31,Colombia157K
2025-05-17 10:19:31,Gastón Medina
2025-05-17 10:19:31,Campos15K
2025-05-17 10:19:31,Jorge Chávez
2025-05-17 10:19:31,Lucero
2025-05-17 10:19:31,Pedro García
2025-05-17 10:19:31,seokjin231K
2025-05-17 10:19:31,Susana Villarán
2025-05-17 10:19:31,Cantero
2025-05-17 10:19:31,ECHO OUT TODAY
2025-05-17 10:19:31,#AFHS
2025-05-17 10:19:31,Lagos67K
2025-05-17 10:19:31,Talleres
2025-05-17 10:19:31,#ElGranChefFamosos
2025-05-17 10:19:31,#Dont_Say_You_Love_Me548K
2025-05-17 10:19:31,#Jin_Echo647K
2025-05-17 10:19:31,River101K
2025-05-17 10:19:31,Nacho18K
2025-05-17 10:19:31,Tere22K
2025-05-17 10:19:31,Enrique18K
2025-05-17 10:19:31,Paolo10K
2025-05-17 10:19:31,ECHO OUT TODAY14K
2025-05-17 10:19:31,Zambrano
2025-05-17 10:19:31,Green Day13K
2025-05-17 10:19:31,Tilsa
2025-05-17 10:19:31,ECHO BY JIN OUT NOW162K
2025-05-17 10:19:31,#DEADLINE37K
2025-05-17 10:19:31,Gorosito
2025-05-17 10:19:31,Noriega
2025-05-17 10:19:31,Vanya
2025-05-17 10:19:31,'Cuchillo'
2025-05-17 10:19:31,Mosquera
2025-05-17 10:19:31,Delia Espinoza
2025-05-17 10:19:31,Niurka12K
2025-05-17 10:19:31,Viscarra
2025-05-17 10:19:31,Iquique
2025-05-17 10:19:31,Lava Jato
2025-05-17 10:19:31,Sudamericana
2025-05-17 10:19:31,Pipo
2025-05-17 10:19:31,ECHO BY JIN TODAY43K
2025-05-17 10:19:31,DONT SAY YOU LOVE ME TODAY53K
2025-05-17 10:19:31,Cari48K
2025-05-17 10:19:31,Alianza17K
2025-05-17 10:19:31,Campos15K
2025-05-17 10:19:31,De Santis
2025-05-17 10:19:31,Susana Villarán
2025-05-17 10:19:31,Cantero
2025-05-17 10:19:31,Colombia157K
2025-05-17 10:19:31,seokjin265K
2025-05-17 10:19:31,LEE KNOW AT I LIVE ALONE32K
2025-05-17 10:19:31,Natalia10K
2025-05-17 10:19:31,DONT SAY YOU LOVE ME JIN583K
2025-05-17 10:19:31,Yatra19K
2025-05-17 10:19:31,Gastón Medina
2025-05-17 10:19:31,Vaticano21K
2025-05-17 10:19:31,Jorge Chávez
2025-05-17 10:19:31,Pedro García
2025-05-17 10:19:31,WELCOME TO PHOCHAI25K
2025-05-17 10:19:31,jin comeback94K
2025-05-17 10:19:31,Huaman
2025-05-17 10:19:31,#AFHS
2025-05-17 10:19:31,Green Day13K
2025-05-17 10:19:31,Lagos67K
2025-05-17 10:19:31,Talleres
2025-05-17 10:19:31,#Dont_Say_You_Love_Me573K
2025-05-17 10:19:31,#Jin_Echo674K
2025-05-17 10:19:31,River110K
2025-05-17 10:19:31,Zambrano
2025-05-17 10:19:31,Paolo10K
2025-05-17 10:19:31,Enrique18K
2025-05-17 10:19:31,#ElGranChefFamosos
2025-05-17 10:19:31,ECHO OUT TODAY20K
2025-05-17 10:19:31,Nacho19K
2025-05-17 10:19:31,Tilsa
2025-05-17 10:19:31,ECHO BY JIN OUT NOW179K
2025-05-17 10:19:31,#DEADLINE50K
2025-05-17 10:19:31,Gorosito
2025-05-17 10:19:31,Noriega
2025-05-17 10:19:31,Vanya
2025-05-17 10:19:31,'Cuchillo'
2025-05-17 10:19:31,Mosquera
2025-05-17 10:19:31,Pipo
2025-05-17 10:19:31,Niurka12K
2025-05-17 10:19:31,Viscarra
2025-05-17 10:19:31,Delia Espinoza
2025-05-17 10:19:31,Iquique
2025-05-17 10:19:31,Lava Jato
2025-05-17 10:19:31,Sudamericana
2025-05-17 10:19:31,ECHO BY JIN TODAY60K
2025-05-17 10:19:31,DONT SAY YOU LOVE ME TODAY74K
2025-05-17 10:19:31,Cari48K
2025-05-17 10:19:31,Susana Villarán
2025-05-17 10:19:31,Alianza18K
2025-05-17 10:19:31,Campos15K
2025-05-17 10:19:31,De Santis
2025-05-17 10:19:31,Cantero
2025-05-17 10:19:31,Colombia158K
2025-05-17 10:19:31,seokjin265K
2025-05-17 10:19:31,LEE KNOW AT I LIVE ALONE32K
2025-05-17 10:19:31,DONT SAY YOU LOVE ME JIN629K
2025-05-17 10:19:31,Yatra22K
2025-05-17 10:19:31,Gastón Medina
2025-05-17 10:19:31,Vaticano21K
2025-05-17 10:19:31,Jorge Chávez
2025-05-17 10:19:31,Natalia
2025-05-17 10:19:31,Pedro García
2025-05-17 10:19:31,WELCOME TO PHOCHAI24K
2025-05-17 10:19:31,JIN COMEBACK93K
2025-05-17 10:19:31,Huaman
2025-05-17 10:19:31,WIWY MV OUT NOW198K
2025-05-17 10:19:31,Lagos67K
2025-05-17 10:19:31,Green Day13K
2025-05-17 10:19:31,Talleres
2025-05-17 10:19:31,River131K
2025-05-17 10:19:31,#Jin_Echo680K
2025-05-17 10:19:31,#Dont_Say_You_Love_Me572K
2025-05-17 10:19:31,Viscarra
2025-05-17 10:19:31,Enrique18K
2025-05-17 10:19:31,Paolo10K
2025-05-17 10:19:31,Zambrano
2025-05-17 10:19:31,ECHO OUT TODAY22K
2025-05-17 10:19:31,Tilsa
2025-05-17 10:19:31,ECHO BY JIN OUT NOW176K
2025-05-17 10:19:31,Gorosito
2025-05-17 10:19:31,#DEADLINE77K
2025-05-17 10:19:31,Pipo
2025-05-17 10:19:31,Noriega
2025-05-17 10:19:31,'Cuchillo'
2025-05-17 10:19:31,Sudamericana11K
2025-05-17 10:19:31,Mosquera
2025-05-17 10:19:31,Lava Jato
2025-05-17 10:19:31,Iquique
2025-05-17 10:19:31,Delia Espinoza
2025-05-17 10:19:31,Cari48K
2025-05-17 10:19:31,Vanya
2025-05-17 10:19:31,ECHO BY JIN TODAY71K
2025-05-17 10:19:31,#에코_진에게_가는_여정62K
2025-05-17 10:19:31,DONT SAY YOU LOVE ME TODAY86K
2025-05-17 10:19:31,Campos16K
2025-05-17 10:19:31,Alianza19K
2025-05-17 10:19:31,Colombia160K
2025-05-17 10:19:31,Gastón Medina
2025-05-17 10:19:31,De Santis
2025-05-17 10:19:31,Cantero
2025-05-17 10:19:31,seokjin262K
2025-05-17 10:19:31,Niurka12K
2025-05-17 10:19:31,LEE KNOW AT I LIVE ALONE32K
2025-05-17 10:19:31,DONT SAY YOU LOVE ME JIN637K
2025-05-17 10:19:31,Yatra24K
2025-05-17 10:19:31,Susana Villarán
2025-05-17 10:19:31,Vaticano20K
2025-05-17 10:19:31,Jorge Chávez
2025-05-17 10:19:31,Pedro García
2025-05-17 10:19:31,#LISAxTYLA216K
2025-05-17 10:19:31,Gaibor
2025-05-17 10:19:31,WELCOME TO PHOCHAI24K
2025-05-17 10:19:31,JIN COMEBACK93K
2025-05-17 10:19:31,Huaman
2025-05-17 10:19:31,WIWY MV OUT NOW194K
2025-05-17 10:19:31,With the Clouds53K
2025-05-17 10:19:31,Lagos68K
2025-05-17 10:19:31,Green Day12K
2025-05-17 10:19:31,Talleres
2025-05-17 10:19:31,River136K
2025-05-17 10:19:31,#Jin_Echo681K
2025-05-17 10:19:31,#Dont_Say_You_Love_Me572K
2025-05-17 10:19:31,Enrique18K
2025-05-17 10:19:31,Paolo10K
2025-05-17 10:19:31,Viscarra
2025-05-17 10:19:31,Zambrano
2025-05-17 10:19:31,ECHO OUT TODAY23K
2025-05-17 10:19:31,Tilsa
2025-05-17 10:19:31,Gorosito
2025-05-17 10:19:31,ECHO BY JIN OUT NOW172K
2025-05-17 10:19:31,ECHO BY JIN TODAY75K
2025-05-17 10:19:31,Noriega
2025-05-17 10:19:31,#DEADLINE77K
2025-05-17 10:19:31,Pipo
2025-05-17 10:19:31,#에코_진에게_가는_여정66K
2025-05-17 10:19:31,'Cuchillo'
2025-05-17 10:19:31,Sudamericana11K
2025-05-17 10:19:31,Niurka10K
2025-05-17 10:19:31,Mosquera
2025-05-17 10:19:31,Lava Jato
2025-05-17 10:19:31,Iquique
2025-05-17 10:19:31,Vanya
2025-05-17 10:19:31,Cari48K
2025-05-17 10:19:31,Delia Espinoza
2025-05-17 10:19:31,DONT SAY YOU LOVE ME TODAY91K
2025-05-17 10:19:31,Colombia163K
2025-05-17 10:19:31,Campos16K
2025-05-17 10:19:31,seokjin259K
2025-05-17 10:19:31,Alianza20K
2025-05-17 10:19:31,Gastón Medina
2025-05-17 10:19:31,De Santis
2025-05-17 10:19:31,Cantero
2025-05-17 10:19:31,LEE KNOW AT I LIVE ALONE31K
2025-05-17 10:19:31,DONT SAY YOU LOVE ME JIN642K
2025-05-17 10:19:31,Yatra24K
2025-05-17 10:19:31,#MySweetheartJomEP124K
2025-05-17 10:19:31,WELCOME TO PHOCHAI23K
2025-05-17 10:19:31,Jorge Chávez
2025-05-17 10:19:31,Vaticano20K
2025-05-17 10:19:31,Huaman
2025-05-17 10:19:31,Pedro García
2025-05-17 10:19:31,Gaibor
2025-05-17 10:19:31,JIN COMEBACK93K
2025-05-17 10:19:31,Gaza1.2M
2025-05-17 10:19:31,WIWY MV OUT NOW189K
2025-05-17 10:19:31,With the Clouds51K
2025-05-17 10:19:31,Lagos68K
2025-05-17 10:19:31,Talleres
2025-05-17 10:19:31,Green Day12K
2025-05-17 10:19:31,River139K
2025-05-17 10:19:31,#Jin_Echo680K
2025-05-17 10:19:31,Paolo11K
2025-05-17 10:19:31,#Dont_Say_You_Love_Me570K
2025-05-17 10:19:31,Enrique19K
2025-05-17 10:19:31,Zambrano
2025-05-17 10:19:31,Viscarra
2025-05-17 10:19:31,Tilsa
2025-05-17 10:19:31,ECHO OUT TODAY24K
2025-05-17 10:19:31,Gorosito
2025-05-17 10:19:31,ECHO BY JIN OUT NOW170K
2025-05-17 10:19:31,Iquique
2025-05-17 10:19:31,'Cuchillo'
2025-05-17 10:19:31,Sudamericana13K
2025-05-17 10:19:31,ECHO BY JIN TODAY80K
2025-05-17 10:19:31,Pipo
2025-05-17 10:19:31,#DEADLINE76K
2025-05-17 10:19:31,Noriega
2025-05-17 10:19:31,#에코_진에게_가는_여정71K
2025-05-17 10:19:31,#LOLFanFest2025LIVE1.4M
2025-05-17 10:19:31,Mosquera
2025-05-17 10:19:31,Lava Jato
2025-05-17 10:19:31,Cari48K
2025-05-17 10:19:31,seokjin257K
2025-05-17 10:19:31,Gaibor
2025-05-17 10:19:31,Santis
2025-05-17 10:19:31,Vanya
2025-05-17 10:19:31,Colombia165K
2025-05-17 10:19:31,Delia Espinoza
2025-05-17 10:19:31,Alianza22K
2025-05-17 10:19:31,Gastón Medina
2025-05-17 10:19:31,Campos16K
2025-05-17 10:19:31,Jorge Chávez
2025-05-17 10:19:31,LEE KNOW AT I LIVE ALONE31K
2025-05-17 10:19:31,Botta
2025-05-17 10:19:31,Cantero
2025-05-17 10:19:31,Yatra24K
2025-05-17 10:19:31,JIN IS COMING34K
2025-05-17 10:19:31,WELCOME TO PHOCHAI23K
2025-05-17 10:19:31,Jesús Castillo
2025-05-17 10:19:31,Vaticano19K
2025-05-17 10:19:31,Huaman
2025-05-17 10:19:31,Arrigo
2025-05-17 10:19:31,JIN COMEBACK92K
2025-05-17 10:19:31,Pedro García
2025-05-17 10:19:31,Gaza1.2M
2025-05-17 10:19:31,WIWY MV OUT NOW185K
2025-05-17 10:19:31,Lagos67K
2025-05-17 10:19:31,Talleres
2025-05-17 10:19:31,Green Day12K
2025-05-17 10:19:31,River135K
2025-05-17 10:19:31,#Jin_Echo672K
2025-05-17 10:19:31,Enrique18K
2025-05-17 10:19:31,Paolo10K
2025-05-17 10:19:31,#Dont_Say_You_Love_Me563K
2025-05-17 10:19:31,Zambrano
2025-05-17 10:19:31,Viscarra
2025-05-17 10:19:31,Tilsa
2025-05-17 10:19:31,Gorosito
2025-05-17 10:19:31,ECHO OUT TODAY24K
2025-05-17 10:19:31,Pipo
2025-05-17 10:19:31,Sudamericana13K
2025-05-17 10:19:31,ECHO BY JIN OUT NOW168K
2025-05-17 10:19:31,Iquique
2025-05-17 10:19:31,'Cuchillo'
2025-05-17 10:19:31,ECHO BY JIN TODAY80K
2025-05-17 10:19:31,Noriega
2025-05-17 10:19:31,#DEADLINE76K
2025-05-17 10:19:31,#에코_진에게_가는_여정71K
2025-05-17 10:19:31,#LOLFanFest2025LIVE1.4M
2025-05-17 10:19:31,Cari47K
2025-05-17 10:19:31,Mosquera
2025-05-17 10:19:31,huaman
2025-05-17 10:19:31,Lava Jato
2025-05-17 10:19:31,seokjin253K
2025-05-17 10:19:31,Gaibor
2025-05-17 10:19:31,Cantero
2025-05-17 10:19:31,Santis
2025-05-17 10:19:31,Campos15K
2025-05-17 10:19:31,Alianza21K
2025-05-17 10:19:31,Colombia157K
2025-05-17 10:19:31,Gastón Medina
2025-05-17 10:19:31,Delia Espinoza
2025-05-17 10:19:31,Vanya
2025-05-17 10:19:31,Jorge Chávez
2025-05-17 10:19:31,LEE KNOW AT I LIVE ALONE30K
2025-05-17 10:19:31,Botta
2025-05-17 10:19:31,Dina Boluarte
2025-05-17 10:19:31,Yatra24K
2025-05-17 10:19:31,JIN IS COMING32K
2025-05-17 10:19:31,WELCOME TO PHOCHAI22K
2025-05-17 10:19:31,Primero la Gente
2025-05-17 10:19:31,Jesús Castillo
2025-05-17 10:19:31,Vaticano19K
2025-05-17 10:19:31,Chelsea207K
2025-05-17 10:19:31,arrigo
2025-05-17 10:19:31,Paraguay12K
2025-05-17 10:19:31,Lagos67K
2025-05-17 10:19:31,Green Day11K
2025-05-17 10:19:31,Talleres
2025-05-17 10:19:31,River136K
2025-05-17 10:19:31,Paolo10K
2025-05-17 10:19:31,#Jin_Echo670K
2025-05-17 10:19:31,#Dont_Say_You_Love_Me561K
2025-05-17 10:19:31,Enrique18K
2025-05-17 10:19:31,Zambrano
2025-05-17 10:19:31,Gorosito
2025-05-17 10:19:31,Viscarra
2025-05-17 10:19:31,Tilsa
2025-05-17 10:19:31,Sudamericana14K
2025-05-17 10:19:31,Pipo
2025-05-17 10:19:31,ECHO OUT TODAY24K
2025-05-17 10:19:31,ECHO BY JIN OUT NOW166K
2025-05-17 10:19:31,'Cuchillo'
2025-05-17 10:19:31,Noriega
2025-05-17 10:19:31,Iquique
2025-05-17 10:19:31,ECHO BY JIN TODAY82K
2025-05-17 10:19:31,seokjin250K
2025-05-17 10:19:31,#DEADLINE76K
2025-05-17 10:19:31,#에코_진에게_가는_여정74K
2025-05-17 10:19:31,#LOLFanFest2025LIVE1.4M
2025-05-17 10:19:31,Cari47K
2025-05-17 10:19:31,Mosquera
2025-05-17 10:19:31,Huaman
2025-05-17 10:19:31,Chelsea194K
2025-05-17 10:19:31,Lava Jato
2025-05-17 10:19:31,Gaibor
2025-05-17 10:19:31,Cantero
2025-05-17 10:19:31,LEE KNOW AT I LIVE ALONE30K
2025-05-17 10:19:31,Alianza22K
2025-05-17 10:19:31,Colombia160K
2025-05-17 10:19:31,Campos15K
2025-05-17 10:19:31,Delia Espinoza
2025-05-17 10:19:31,Gastón Medina
2025-05-17 10:19:31,Vanya
2025-05-17 10:19:31,De Santis
2025-05-17 10:19:31,Botta
2025-05-17 10:19:31,Dina Boluarte
2025-05-17 10:19:31,Yatra23K
2025-05-17 10:19:31,Guerrero16K
2025-05-17 10:19:31,Jorge Chávez
2025-05-17 10:19:31,JIN IS COMING33K
2025-05-17 10:19:31,WELCOME TO PHOCHAI22K
2025-05-17 10:19:31,Primero la Gente
2025-05-17 10:19:31,Jesús Castillo
2025-05-17 10:19:31,Vaticano18K
2025-05-17 10:19:31,Eduardo Arana
2025-05-17 10:19:31,Lagos67K
2025-05-17 10:19:31,Talleres
2025-05-17 10:19:31,#Dont_Say_You_Love_Me559K
2025-05-17 10:19:31,River136K
2025-05-17 10:19:31,#Jin_Echo668K
2025-05-17 10:19:31,Paolo11K
2025-05-17 10:19:31,Enrique19K
2025-05-17 10:19:31,Zambrano
2025-05-17 10:19:31,ECHO BY JIN OUT NOW165K
2025-05-17 10:19:31,Gorosito
2025-05-17 10:19:31,Viscarra
2025-05-17 10:19:31,Tilsa
2025-05-17 10:19:31,ECHO BY JIN TODAY85K
2025-05-17 10:19:31,Sudamericana15K
2025-05-17 10:19:31,#에코_진에게_가는_여정77K
2025-05-17 10:19:31,Pipo
2025-05-17 10:19:31,ECHO OUT TODAY24K
2025-05-17 10:19:31,Noriega
2025-05-17 10:19:31,'Cuchillo'
2025-05-17 10:19:31,De Santis
2025-05-17 10:19:31,Iquique
2025-05-17 10:19:31,Mosquera
2025-05-17 10:19:31,seokjin248K
2025-05-17 10:19:31,#DEADLINE76K
2025-05-17 10:19:31,Cari47K
2025-05-17 10:19:31,#LOLFanFest2025LIVE1.4M
2025-05-17 10:19:31,Lava Jato
2025-05-17 10:19:31,Huaman
2025-05-17 10:19:31,Gaibor
2025-05-17 10:19:31,Campos15K
2025-05-17 10:19:31,Cantero
2025-05-17 10:19:31,LEE KNOW AT I LIVE ALONE30K
2025-05-17 10:19:31,Colombia163K
2025-05-17 10:19:31,Alianza23K
2025-05-17 10:19:31,Gastón Medina
2025-05-17 10:19:31,Vanya
2025-05-17 10:19:31,Botta
2025-05-17 10:19:31,Dina Boluarte
2025-05-17 10:19:31,Yatra23K
2025-05-17 10:19:31,Delia Espinoza
2025-05-17 10:19:31,Jorge Chávez
2025-05-17 10:19:31,WIWY MV OUT NOW175K
2025-05-17 10:19:31,Guerrero17K
2025-05-17 10:19:31,JIN IS COMING34K
2025-05-17 10:19:31,WELCOME TO PHOCHAI21K
2025-05-17 10:19:31,Jesús Castillo
2025-05-17 10:19:31,Vaticano18K
2025-05-17 10:19:31,Eduardo Arana
2025-05-17 10:19:31,arrigo
2025-05-17 10:19:31,Paraguay12K
2025-05-17 10:19:31,Lagos67K
2025-05-17 10:19:31,Talleres
2025-05-17 10:19:31,#Dont_Say_You_Love_Me556K
2025-05-17 10:19:31,#Jin_Echo664K
2025-05-17 10:19:31,River136K
2025-05-17 10:19:31,Enrique19K
2025-05-17 10:19:31,Paolo11K
2025-05-17 10:19:31,Zambrano
2025-05-17 10:19:31,Gorosito
2025-05-17 10:19:31,ECHO BY JIN OUT NOW164K
2025-05-17 10:19:31,Sudamericana15K
2025-05-17 10:19:31,Viscarra
2025-05-17 10:19:31,Pipo
2025-05-17 10:19:31,ECHO BY JIN TODAY87K
2025-05-17 10:19:31,#에코_진에게_가는_여정80K
2025-05-17 10:19:31,Tilsa
2025-05-17 10:19:31,ECHO OUT TODAY24K
2025-05-17 10:19:31,Noriega
2025-05-17 10:19:31,'Cuchillo'
2025-05-17 10:19:31,Cari47K
2025-05-17 10:19:31,Iquique
2025-05-17 10:19:31,Mosquera
2025-05-17 10:19:31,seokjin246K
2025-05-17 10:19:31,#DEADLINE75K
2025-05-17 10:19:31,#LOLFanFest2025LIVE1.4M
2025-05-17 10:19:31,Archimbaud
2025-05-17 10:19:31,Lava Jato
2025-05-17 10:19:31,Cantero
2025-05-17 10:19:31,Huaman
2025-05-17 10:19:31,Colombia166K
2025-05-17 10:19:31,Gaibor
2025-05-17 10:19:31,Campos15K
2025-05-17 10:19:31,LEE KNOW AT I LIVE ALONE29K
2025-05-17 10:19:31,Alianza24K
2025-05-17 10:19:31,Guerrero16K
2025-05-17 10:19:31,Zumba
2025-05-17 10:19:31,Jesús Castillo
2025-05-17 10:19:31,Jorge Chávez
2025-05-17 10:19:31,Vanya
2025-05-17 10:19:31,Gastón Medina
2025-05-17 10:19:31,Botta
2025-05-17 10:19:31,REBECCA WITH LOREAL IN CANNES1.2M
2025-05-17 10:19:31,Dina Boluarte
2025-05-17 10:19:31,Yatra23K
2025-05-17 10:19:31,WIWY MV OUT NOW173K
2025-05-17 10:19:31,JIN IS COMING35K
2025-05-17 10:19:31,Vaticano17K
2025-05-17 10:19:31,WELCOME TO PHOCHAI21K
2025-05-17 10:19:31,Eduardo Arana
2025-05-17 10:19:31,arrigo
2025-05-17 10:19:31,Lagos68K
2025-05-17 10:19:31,Talleres
2025-05-17 10:19:31,#Jin_Echo659K
2025-05-17 10:19:31,#Dont_Say_You_Love_Me552K
2025-05-17 10:19:31,River136K
2025-05-17 10:19:31,Paolo11K
2025-05-17 10:19:31,Enrique19K
2025-05-17 10:19:31,Zambrano
2025-05-17 10:19:31,Gorosito
2025-05-17 10:19:31,ECHO BY JIN OUT NOW162K
2025-05-17 10:19:31,Pipo
2025-05-17 10:19:31,Sudamericana15K
2025-05-17 10:19:31,Viscarra
2025-05-17 10:19:31,ECHO BY JIN TODAY88K
2025-05-17 10:19:31,Noriega
2025-05-17 10:19:31,#에코_진에게_가는_여정82K
2025-05-17 10:19:31,Tilsa
2025-05-17 10:19:31,ECHO OUT TODAY24K
2025-05-17 10:19:31,'Cuchillo'
2025-05-17 10:19:31,seokjin243K
2025-05-17 10:19:31,Cari47K
2025-05-17 10:19:31,Iquique
2025-05-17 10:19:31,#DEADLINE75K
2025-05-17 10:19:31,Mosquera
2025-05-17 10:19:31,#LOLFanFest2025LIVE1.4M
2025-05-17 10:19:31,Archimbaud
2025-05-17 10:19:31,Lava Jato
2025-05-17 10:19:31,Colombia169K
2025-05-17 10:19:31,Campos15K
2025-05-17 10:19:31,Cantero
2025-05-17 10:19:31,Huaman
2025-05-17 10:19:31,Gaibor
2025-05-17 10:19:31,LEE KNOW AT I LIVE ALONE29K
2025-05-17 10:19:31,Alianza24K
2025-05-17 10:19:31,Guerrero16K
2025-05-17 10:19:31,Zumba
2025-05-17 10:19:31,Gastón Medina
2025-05-17 10:19:31,Jesús Castillo
2025-05-17 10:19:31,Jorge Chávez
2025-05-17 10:19:31,Botta
2025-05-17 10:19:31,REBECCA WITH LOREAL IN CANNES1.2M
2025-05-17 10:19:31,Dina Boluarte
2025-05-17 10:19:31,Yatra23K
2025-05-17 10:19:31,Dylan24K
2025-05-17 10:19:31,With the Clouds46K
2025-05-17 10:19:31,Eduardo Arana
2025-05-17 10:19:31,WIWY MV OUT NOW171K
2025-05-17 10:19:31,Argentina146K
2025-05-17 10:19:31,JIN IS COMING36K
2025-05-17 10:19:31,Vanya
2025-05-17 10:19:31,Lagos69K
2025-05-17 10:19:31,Talleres
2025-05-17 10:19:31,#Jin_Echo653K
2025-05-17 10:19:31,River136K
2025-05-17 10:19:31,#Dont_Say_You_Love_Me547K
2025-05-17 10:19:31,Paolo11K
2025-05-17 10:19:31,Enrique20K
2025-05-17 10:19:31,Zambrano
2025-05-17 10:19:31,Gorosito
2025-05-17 10:19:31,Sudamericana15K
2025-05-17 10:19:31,ECHO BY JIN OUT NOW159K
2025-05-17 10:19:31,Viscarra
2025-05-17 10:19:31,Pipo
2025-05-17 10:19:31,ECHO BY JIN TODAY90K
2025-05-17 10:19:31,Noriega
2025-05-17 10:19:31,#에코_진에게_가는_여정84K
2025-05-17 10:19:31,Lava Jato
2025-05-17 10:19:31,ECHO OUT TODAY24K
2025-05-17 10:19:31,'Cuchillo'
2025-05-17 10:19:31,Mosquera
2025-05-17 10:19:31,seokjin239K
2025-05-17 10:19:31,Cari47K
2025-05-17 10:19:31,Tilsa
2025-05-17 10:19:31,Iquique
2025-05-17 10:19:31,#LeeKnowMeetsILiveAlone27K
2025-05-17 10:19:31,#DEADLINE74K
2025-05-17 10:19:31,Huaman
2025-05-17 10:19:31,Colombia172K
2025-05-17 10:19:31,Campos15K
2025-05-17 10:19:31,Cantero
2025-05-17 10:19:31,Gaibor
2025-05-17 10:19:31,Guerrero16K
2025-05-17 10:19:31,Odebrecht
2025-05-17 10:19:31,Jorge Chávez
2025-05-17 10:19:31,Alianza23K
2025-05-17 10:19:31,Eduardo Arana
2025-05-17 10:19:31,Argentina148K
2025-05-17 10:19:31,Zumba
2025-05-17 10:19:31,Gastón Medina
2025-05-17 10:19:31,BOTTA
2025-05-17 10:19:31,REBECCA WITH LOREAL IN CANNES1.3M
2025-05-17 10:19:31,Dina Boluarte
2025-05-17 10:19:31,Yatra22K
2025-05-17 10:19:31,Dylan24K
2025-05-17 10:19:31,With the Clouds45K
2025-05-17 10:19:31,Jesús Castillo
2025-05-17 10:19:31,WELCOME TO PHOCHAI20K
2025-05-17 10:19:31,WIWY MV OUT NOW167K
2025-05-17 10:19:31,JIN IS COMING37K
2025-05-17 10:19:31,Espanyol150K
2025-05-17 10:19:31,Lagos69K
2025-05-17 10:19:31,Talleres10K
2025-05-17 10:19:31,#Jin_Echo647K
2025-05-17 10:19:31,River136K
2025-05-17 10:19:31,#Dont_Say_You_Love_Me543K
2025-05-17 10:19:31,Paolo11K
2025-05-17 10:19:31,Enrique20K
2025-05-17 10:19:31,Zambrano
2025-05-17 10:19:31,Gorosito
2025-05-17 10:19:31,Viscarra
2025-05-17 10:19:31,Sudamericana15K
2025-05-17 10:19:31,ECHO BY JIN OUT NOW157K
2025-05-17 10:19:31,Mosquera
2025-05-17 10:19:31,Pipo
2025-05-17 10:19:31,ECHO BY JIN TODAY92K
2025-05-17 10:19:31,#에코_진에게_가는_여정86K
2025-05-17 10:19:31,Noriega
2025-05-17 10:19:31,ECHO OUT TODAY24K
2025-05-17 10:19:31,seokjin236K
2025-05-17 10:19:31,Lava Jato
2025-05-17 10:19:31,'Cuchillo'
2025-05-17 10:19:31,Cari47K
2025-05-17 10:19:31,Iquique
2025-05-17 10:19:31,#LeeKnowMeetsILiveAlone25K
2025-05-17 10:19:31,#DEADLINE74K
2025-05-17 10:19:31,Tilsa
2025-05-17 10:19:31,Huaman
2025-05-17 10:19:31,Soyer
2025-05-17 10:19:31,Colombia175K
2025-05-17 10:19:31,Cantero
2025-05-17 10:19:31,Odebrecht
2025-05-17 10:19:31,Gaibor
2025-05-17 10:19:31,Guerrero16K
2025-05-17 10:19:31,Campos15K
2025-05-17 10:19:31,Gastón Medina
2025-05-17 10:19:31,Argentina151K
2025-05-17 10:19:31,WIWY MV OUT NOW162K
2025-05-17 10:19:31,Jorge Chávez
2025-05-17 10:19:31,Alianza24K
2025-05-17 10:19:31,Zumba
2025-05-17 10:19:31,Eduardo Arana
2025-05-17 10:19:31,JIN IS COMING38K
2025-05-17 10:19:31,BOTTA
2025-05-17 10:19:31,REBECCA WITH LOREAL IN CANNES1.3M
2025-05-17 10:19:31,Dina Boluarte
2025-05-17 10:19:31,Yatra22K
2025-05-17 10:19:31,Dylan24K
2025-05-17 10:19:31,With the Clouds43K
2025-05-17 10:19:31,Espanyol152K
2025-05-17 10:19:31,Jesús Castillo
